Perfil,Algoritmo,Semilla,Pasos,Distancia_km,Area_Covered_km2,Likelihood_Score,Acierto_Informada,Acierto_Ciega
autista,voraz-heur,0,190,2.2396551211459426,0.17533296138329876,0.05118806955249959,4.3,1.6
autista,voraz-heur,1,1000,12.543271272970866,0.2387757141169388,0.0630384805321963,4.9,2.1
autista,voraz-heur,10,1000,12.543271272970866,0.2387757141169388,0.0630384805321963,4.9,2.1
autista,voraz-heur,11,1000,12.543271272970866,0.2387757141169388,0.0630384805321963,4.9,2.1
autista,voraz-heur,12,1000,12.543271272970866,0.2387757141169388,0.0630384805321963,4.9,2.1
autista,voraz-heur,13,1000,12.543271272970866,0.2387757141169388,0.0630384805321963,4.9,2.1
autista,voraz-heur,14,1000,12.543271272970866,0.2387757141169388,0.0630384805321963,4.9,2.1
autista,voraz-heur,15,1000,12.543271272970866,0.2387757141169388,0.0630384805321963,4.9,2.1
autista,voraz-heur,16,1000,12.543271272970866,0.2387757141169388,0.0630384805321963,4.9,2.1
autista,voraz-heur,17,1000,12.543271272970866,0.2387757141169388,0.0630384805321963,4.9,2.1
autista,voraz-heur,18,1000,12.543271272970866,0.2387757141169388,0.0630384805321963,4.9,2.1
autista,voraz-heur,19,1000,12.543271272970866,0.2387757141169388,0.0630384805321963,4.9,2.1
autista,voraz-heur,2,1000,12.543271272970866,0.2387757141169388,0.0630384805321963,4.9,2.1
autista,voraz-heur,20,1000,12.543271272970866,0.2387757141169388,0.0630384805321963,4.9,2.1
autista,voraz-heur,21,1000,12.543271272970866,0.2387757141169388,0.0630384805321963,4.9,2.1
autista,voraz-heur,22,1000,12.543271272970866,0.2387757141169388,0.0630384805321963,4.9,2.1
autista,voraz-heur,23,1000,12.543271272970866,0.2387757141169388,0.0630384805321963,4.9,2.1
autista,voraz-heur,24,1000,12.543271272970866,0.2387757141169388,0.0630384805321963,4.9,2.1
autista,voraz-heur,25,1000,12.543271272970866,0.2387757141169388,0.0630384805321963,4.9,2.1
autista,voraz-heur,26,1000,12.543271272970866,0.2387757141169388,0.0630384805321963,4.9,2.1
autista,voraz-heur,27,1000,12.543271272970866,0.2387757141169388,0.0630384805321963,4.9,2.1
autista,voraz-heur,28,1000,12.543271272970866,0.2387757141169388,0.0630384805321963,4.9,2.1
autista,voraz-heur,29,1000,12.543271272970866,0.2387757141169388,0.0630384805321963,4.9,2.1
autista,voraz-heur,3,1000,12.543271272970866,0.2387757141169388,0.0630384805321963,4.9,2.1
autista,voraz-heur,30,1000,12.543271272970866,0.2387757141169388,0.0630384805321963,4.9,2.1
autista,voraz-heur,31,1000,12.543271272970866,0.2387757141169388,0.0630384805321963,4.9,2.1
autista,voraz-heur,32,1000,12.543271272970866,0.2387757141169388,0.0630384805321963,4.9,2.1
autista,voraz-heur,33,1000,12.543271272970866,0.2387757141169388,0.0630384805321963,4.9,2.1
autista,voraz-heur,34,1000,12.543271272970866,0.2387757141169388,0.0630384805321963,4.9,2.1
autista,voraz-heur,35,1000,12.543271272970866,0.2387757141169388,0.0630384805321963,4.9,2.1
autista,voraz-heur,36,1000,12.543271272970866,0.2387757141169388,0.0630384805321963,4.9,2.1
autista,voraz-heur,37,1000,12.543271272970866,0.2387757141169388,0.0630384805321963,4.9,2.1
autista,voraz-heur,38,1000,12.543271272970866,0.2387757141169388,0.0630384805321963,4.9,2.1
autista,voraz-heur,39,1000,12.543271272970866,0.2387757141169388,0.0630384805321963,4.9,2.1
autista,voraz-heur,4,1000,12.543271272970866,0.2387757141169388,0.0630384805321963,4.9,2.1
autista,voraz-heur,40,1000,12.543271272970866,0.2387757141169388,0.0630384805321963,4.9,2.1
autista,voraz-heur,41,1000,12.543271272970866,0.2387757141169388,0.0630384805321963,4.9,2.1
autista,voraz-heur,42,1000,12.543271272970866,0.2387757141169388,0.0630384805321963,4.9,2.1
autista,voraz-heur,43,1000,12.543271272970866,0.2387757141169388,0.0630384805321963,4.9,2.1
autista,voraz-heur,44,1000,12.543271272970866,0.2387757141169388,0.0630384805321963,4.9,2.1
autista,voraz-heur,45,1000,12.543271272970866,0.2387757141169388,0.0630384805321963,4.9,2.1
autista,voraz-heur,46,1000,12.543271272970866,0.2387757141169388,0.0630384805321963,4.9,2.1
autista,voraz-heur,47,1000,12.543271272970866,0.2387757141169388,0.0630384805321963,4.9,2.1
autista,voraz-heur,48,1000,12.543271272970866,0.2387757141169388,0.0630384805321963,4.9,2.1
autista,voraz-heur,49,1000,12.543271272970866,0.2387757141169388,0.0630384805321963,4.9,2.1
autista,voraz-heur,5,1000,12.543271272970866,0.2387757141169388,0.0630384805321963,4.9,2.1
autista,voraz-heur,6,1000,12.543271272970866,0.2387757141169388,0.0630384805321963,4.9,2.1
autista,voraz-heur,7,1000,12.543271272970866,0.2387757141169388,0.0630384805321963,4.9,2.1
autista,voraz-heur,8,1000,12.543271272970866,0.2387757141169388,0.0630384805321963,4.9,2.1
autista,voraz-heur,9,1000,12.543271272970866,0.2387757141169388,0.0630384805321963,4.9,2.1
autista,ACO,0,327,3.9120310216783105,0.0717141131837079,0.017329986108159064,1.5,1.0
autista,ACO,1,1000,12.216042558696119,0.16481410621579107,0.04868372375484514,4.6,1.4000000000000001
autista,ACO,10,1000,12.120773439350303,0.2615166782515204,0.07202856756730697,6.6000000000000005,1.9
autista,ACO,11,1000,12.191189744953727,0.14901893900499322,0.04002277152833584,3.4000000000000004,1.5
autista,ACO,12,1000,11.950945878777324,0.14670698843933028,0.01566250924320741,1.5,1.0999999999999999
autista,ACO,13,1000,12.037930726875675,0.16863810191414416,0.02239532880336196,2.1,1.4000000000000001
autista,ACO,14,1000,11.96751442127225,0.14797640419884953,0.0331613396352455,3.0,1.4000000000000001
autista,ACO,15,1000,12.116631303726564,0.17434032435701619,0.019524721747365935,1.7999999999999998,1.4000000000000001
autista,ACO,16,1000,12.133199846221492,0.14522747083308896,0.03528689162634162,3.2,1.2
autista,ACO,17,1000,11.905382386916278,0.1727055900435426,0.02132737776696534,2.1999999999999997,1.7000000000000002
autista,ACO,18,1000,12.116631303726567,0.16521768407963383,0.018138941767661183,1.5,1.3
autista,ACO,19,1000,12.02964645562821,0.17096481226082402,0.021010574600051055,2.0,1.4000000000000001
autista,ACO,2,1000,11.963372285648513,0.22542184080140715,0.0480706170467239,4.0,2.1
autista,ACO,20,1000,12.10420489685538,0.18235168857795858,0.05510180508121632,5.800000000000001,2.1999999999999997
autista,ACO,21,1000,12.120773439350302,0.13273239829013989,0.038798542117889065,3.3000000000000003,1.3
autista,ACO,22,1000,12.087636354360448,0.19958531221706863,0.04891148464426218,3.5000000000000004,1.6
autista,ACO,23,1000,12.058641404994333,0.11154615587067178,0.03375045581337177,3.1,1.3
autista,ACO,24,1000,11.9757986925197,0.197261961937331,0.04779414985481548,4.3,1.9
autista,ACO,25,1000,12.178763338082526,0.1462127005049898,0.04126326114030071,3.3000000000000003,2.0
autista,ACO,26,1000,12.162194795587606,0.18547266694732273,0.05314250027682775,4.9,1.7000000000000002
autista,ACO,27,1000,12.008935777509556,0.1489328617253563,0.0407791658504655,3.2,1.6
autista,ACO,28,1000,12.083494218736714,0.17436435952003085,0.03944705263439144,3.3000000000000003,1.5
autista,ACO,29,1000,12.004793641885827,0.1787367056059787,0.04948229783419399,4.1000000000000005,2.1
autista,ACO,3,1000,12.08763635436045,0.1770668020477745,0.04789567615179121,3.9,1.6
autista,ACO,30,1000,12.050357133746875,0.17478225885832874,0.04718603983126191,4.0,1.6
autista,ACO,31,1000,12.18290547370626,0.1893544944027041,0.044649853089672294,4.5,1.5
autista,ACO,32,1000,12.129057710597761,0.16712542495244914,0.04944062429462317,4.5,1.3
autista,ACO,33,1000,12.000651506262098,0.20006399889317267,0.05522182441745075,4.7,1.7999999999999998
autista,ACO,34,1000,12.166336931211333,0.21677321340501662,0.02397460025302738,1.9,1.7000000000000002
autista,ACO,35,1000,12.100062761231642,0.18987343974480728,0.03929084640626093,3.4000000000000004,1.6
autista,ACO,36,1000,12.12905771059776,0.14577885795475862,0.047037716663652696,4.2,1.4000000000000001
autista,ACO,37,1000,12.149768388716419,0.18190665016500165,0.05407775987423274,4.8,1.7999999999999998
autista,ACO,38,1000,12.1083470324791,0.18917347212865446,0.0524533289663707,4.9,1.6
autista,ACO,39,1000,12.017220048757023,0.19500837003666943,0.040489977368560796,4.0,1.4000000000000001
autista,ACO,4,1000,12.066925676241791,0.15068619698434552,0.04595797822678528,4.0,1.4000000000000001
autista,ACO,40,1000,12.050357133746873,0.2447734036563897,0.07240046709219015,7.5,2.8000000000000003
autista,ACO,41,1000,12.058641404994326,0.21980111938456084,0.05105522614569599,4.7,2.3
autista,ACO,42,1000,12.112489168102828,0.14446023661361865,0.042686879998494034,3.2,1.4000000000000001
autista,ACO,43,1000,12.13734198184522,0.16266938548907584,0.04048910151432027,2.7,1.7000000000000002
autista,ACO,44,1000,12.145626253092683,0.24859872323317803,0.07009795518206816,6.0,1.6
autista,ACO,45,1000,12.050357133746868,0.1827790329157457,0.029419438854649562,2.4,1.4000000000000001
autista,ACO,46,1000,12.108347032479102,0.18884181723707322,0.05320612712065874,4.9,1.4000000000000001
autista,ACO,47,1000,12.11248916810283,0.14617322266585378,0.042814510929047374,3.9,1.5
autista,ACO,48,1000,12.133199846221501,0.1164678911023567,0.035847621892402315,3.3000000000000003,1.0999999999999999
autista,ACO,49,1000,12.029646455628212,0.2077036588620775,0.02421984766370131,2.6,1.4000000000000001
autista,ACO,5,1000,12.124915574974025,0.18824455340276164,0.05558810638813898,4.9,1.7999999999999998
autista,ACO,6,1000,11.938519471906126,0.18627075388267775,0.025986780437674592,2.1,1.4000000000000001
autista,ACO,7,1000,12.191189744953723,0.17320701044399497,0.04920307459826987,3.5999999999999996,1.7000000000000002
autista,ACO,8,1000,12.129057710597753,0.22446884110650198,0.02736504325357219,2.4,1.7999999999999998
autista,ACO,9,1000,12.249179643685968,0.255604949595298,0.065029230434787,5.6000000000000005,1.7000000000000002
autista,ABC,0,23,0.2631370849898476,0.026780385354029206,0.00496994453830096,0.2,0.2
autista,ABC,1,1000,12.02136218438075,0.18597221104451098,0.05569700750665744,4.9,1.6
autista,ABC,10,1000,12.11663130372656,0.19781313709105244,0.0513525266896916,4.5,1.7000000000000002
autista,ABC,11,1000,12.075209947489254,0.19391183161355055,0.058385533757090706,6.0,2.6
autista,ABC,12,1000,12.075209947489252,0.2047969618989805,0.05831960584575401,4.8,1.7000000000000002
autista,ABC,13,637,7.753473298326099,0.1998142057238502,0.039137040624913536,3.9,1.6
autista,ABC,14,1000,12.112489168102828,0.25350562880230254,0.07758999319440298,7.7,1.6
autista,ABC,15,1000,12.017220048757018,0.24819451292910782,0.07616106053865412,5.8999999999999995,2.0
autista,ABC,16,1000,12.050357133746873,0.2187705279279165,0.059071279568276604,5.4,1.4000000000000001
autista,ABC,17,1000,12.087636354360445,0.23064410801201354,0.0660315188817159,5.0,2.5
autista,ABC,18,1000,11.984082963767172,0.2704862134032398,0.07886272079869053,6.5,2.1
autista,ABC,19,1000,12.240895372438507,0.2423581149100804,0.06917672010641027,6.0,2.4
autista,ABC,2,1000,12.050357133746866,0.28054868305098685,0.06635595047309643,5.5,2.9000000000000004
autista,ABC,20,39,0.4811269837220809,0.03466952159037777,0.006827560585659091,0.8,0.3
autista,ABC,21,1000,12.095920625607905,0.21580668095131744,0.06122260497326623,5.5,1.6
autista,ABC,22,1000,12.033788591251945,0.2760196969470673,0.07108226747633291,6.4,2.1999999999999997
autista,ABC,23,1000,12.050357133746859,0.19076600552119657,0.05201470838210568,4.7,1.5
autista,ABC,24,1000,11.967514421272249,0.2117439600182394,0.05463877285060293,4.5,1.7000000000000002
autista,ABC,25,1000,12.129057710597767,0.2614401272375626,0.06979619651142442,6.4,2.0
autista,ABC,26,1000,12.075209947489249,0.1735999144602751,0.05380891543866423,4.7,1.7999999999999998
autista,ABC,27,1000,12.141484117468961,0.24743464884946761,0.07433670580025467,6.7,1.7999999999999998
autista,ABC,28,1000,12.042072862499412,0.14721362031292293,0.04767086221468351,4.2,1.4000000000000001
autista,ABC,29,1000,12.062783540618064,0.15772814197186524,0.04960531054007591,4.3,1.4000000000000001
autista,ABC,3,1000,12.000651506262095,0.17341727779347668,0.04879077267470786,4.1000000000000005,1.7999999999999998
autista,ABC,30,1000,12.000651506262098,0.29154127772348526,0.07818057605432831,7.5,2.4
autista,ABC,31,1000,12.191189744953725,0.21337954120245803,0.057670194403037535,4.5,1.9
autista,ABC,32,1000,12.091778489984174,0.12831020803312937,0.03942218770246612,3.6999999999999997,1.4000000000000001
autista,ABC,33,1000,12.066925676241802,0.26449806212684546,0.08110945847507081,8.200000000000001,2.5
autista,ABC,34,1000,12.137341981845216,0.17709158780621617,0.05509824829856416,5.800000000000001,1.6
autista,ABC,35,1000,12.066925676241784,0.18460839340046456,0.05679373990699078,5.4,1.4000000000000001
autista,ABC,36,1000,12.182905473706263,0.18563060211022953,0.05730848835383663,5.2,1.4000000000000001
autista,ABC,37,1000,12.112489168102842,0.16357632966317287,0.03898368098627935,3.3000000000000003,1.3
autista,ABC,38,1000,12.149768388716415,0.19920738434028537,0.06254429298755017,5.4,1.6
autista,ABC,39,1000,12.129057710597763,0.22498828069753662,0.06538908506252075,5.1,1.7000000000000002
autista,ABC,4,1000,11.967514421272238,0.26562147264708114,0.05915621449469579,5.0,2.6
autista,ABC,40,1000,12.149768388716419,0.23638525362164522,0.07009527612216429,5.4,1.6
autista,ABC,41,1000,12.029646455628221,0.17894900928650717,0.048230813602433475,4.1000000000000005,1.6
autista,ABC,42,1000,12.062783540618055,0.20666009570774677,0.0556919123472036,4.9,1.6
autista,ABC,43,1000,12.04621499812313,0.15913459857418613,0.0415404604414912,3.5999999999999996,1.7999999999999998
autista,ABC,44,314,3.8565894629054682,0.1360683208260125,0.03256001742777505,2.3,1.0999999999999999
autista,ABC,45,1000,12.095920625607912,0.26399884336907,0.06631890698914567,5.6000000000000005,2.1999999999999997
autista,ABC,46,380,4.570437226013964,0.1513337079523949,0.043373197943877485,3.9,1.5
autista,ABC,47,1000,12.14562625309268,0.2243270294881092,0.05864345356265123,5.3,2.0
autista,ABC,48,1000,12.145626253092681,0.20038319773115368,0.059894742977271175,5.800000000000001,1.5
autista,ABC,49,1000,12.149768388716414,0.2571272687191696,0.05949091616594049,4.8,2.4
autista,ABC,5,1000,12.162194795587602,0.22552781613616238,0.06123432685603155,4.7,2.1
autista,ABC,6,1000,12.050357133746866,0.16468768803690073,0.049431399844939244,4.2,1.9
autista,ABC,7,1000,12.195331880577454,0.18213767476183354,0.054904465995295276,4.9,1.4000000000000001
autista,ABC,8,1000,12.11663130372657,0.2249282354556764,0.0711495528711438,7.000000000000001,1.5
autista,ABC,9,1000,12.104204896855373,0.12060112337349457,0.03467402101722713,2.9000000000000004,1.2
autista,BHA,0,37,0.45698484809835,0.03055324849355673,0.005269551333437335,0.3,0.3
autista,BHA,1,1000,12.083494218736718,0.29652543325868763,0.08299854943875648,7.5,2.0
autista,BHA,10,1000,12.228468965567311,0.2189773781341554,0.06051285067772475,4.8,1.7999999999999998
autista,BHA,11,1000,12.158052659963875,0.23916283193228077,0.06856388523362335,6.7,2.6
autista,BHA,12,1000,12.05035713374687,0.21165813752301516,0.04317626570509961,4.3999999999999995,2.0
autista,BHA,13,571,6.782813126546293,0.17897416213045952,0.035553288719177734,3.4000000000000004,1.5
autista,BHA,14,1000,12.162194795587611,0.22447543289963756,0.06470105060524703,5.1,1.7000000000000002
autista,BHA,15,1000,12.07935208311299,0.23867526603571598,0.06553515959405981,6.9,3.3000000000000003
autista,BHA,16,1000,11.950945878777317,0.21310507364358422,0.05963033968729192,4.8,1.7999999999999998
autista,BHA,17,1000,12.269890321804603,0.1545475677540663,0.030493561056495047,2.7,1.4000000000000001
autista,BHA,18,713,8.637737367038028,0.1693490549706298,0.040998247399760476,3.4000000000000004,1.2
autista,BHA,19,1000,12.257463914933414,0.21042530832947268,0.05490183080839644,4.5,2.0
autista,BHA,2,1000,12.054499269370599,0.2203082732001491,0.07015660733445714,5.8999999999999995,2.1
autista,BHA,20,43,0.5087005768508881,0.03541882530023371,0.006801854419353741,0.7000000000000001,0.3
autista,BHA,21,1000,12.046214998123135,0.2181262236802873,0.06797219027344338,5.5,1.6
autista,BHA,22,1000,12.087636354360448,0.16168894849306545,0.03724316526690633,3.4000000000000004,1.7999999999999998
autista,BHA,23,824,9.983839097590728,0.20103843405079297,0.058973317974830256,4.7,1.9
autista,BHA,24,1000,12.124915574974025,0.1562291216091644,0.04506823673073532,3.5999999999999996,1.5
autista,BHA,25,1000,12.083494218736712,0.21048793009969907,0.06476396129457425,6.2,1.7000000000000002
autista,BHA,26,1000,11.926093065034935,0.20089118493878902,0.06046200076814467,5.6000000000000005,1.7999999999999998
autista,BHA,27,1000,11.967514421272252,0.23458333247954974,0.07076517004469624,6.0,1.7000000000000002
autista,BHA,28,1000,11.930235200658666,0.25153079529026406,0.0738352270644091,6.4,1.9
autista,BHA,29,1000,12.033788591251943,0.19440109039809025,0.05883402571616233,5.1,1.7000000000000002
autista,BHA,3,769,9.214305909532973,0.1795607239754162,0.05496167827976325,4.8,1.9
autista,BHA,30,1000,12.112489168102837,0.2301872007884924,0.06026168980166167,5.8999999999999995,2.6
autista,BHA,31,1000,11.934377336282392,0.21705695179827128,0.060013145761041116,5.6000000000000005,1.7000000000000002
autista,BHA,32,1000,12.066925676241784,0.2430135558762993,0.060893558149029005,6.0,2.1999999999999997
autista,BHA,33,1000,12.03378859125194,0.24569928595422785,0.06506800284882754,6.4,3.5000000000000004
autista,BHA,34,1000,12.16633693121134,0.19336522641766474,0.0568550985706494,5.0,1.6
autista,BHA,35,1000,11.975798692519707,0.13928481378023433,0.042069615356879926,3.2,1.5
autista,BHA,36,1000,11.955088014401051,0.2814223485983835,0.08042690973767695,7.199999999999999,2.4
autista,BHA,37,1000,12.095920625607912,0.1918289583663345,0.058452700952127186,5.5,1.5
autista,BHA,38,1000,12.09592062560792,0.26873555773671964,0.07518320414753349,7.199999999999999,2.3
autista,BHA,39,1000,12.16219479558761,0.2533595112340301,0.057127838141561256,5.5,2.1999999999999997
autista,BHA,4,1000,12.029646455628209,0.18146017236222697,0.05547501504711882,4.7,1.3
autista,BHA,40,1000,12.062783540618064,0.23278301784326227,0.06925807340102899,6.3,2.0
autista,BHA,41,1000,12.162194795587604,0.20983002603650708,0.06335181476064844,5.6000000000000005,1.3
autista,BHA,42,1000,12.004793641885826,0.21406750494991253,0.043355990692774835,4.3,2.1999999999999997
autista,BHA,43,1000,12.054499269370599,0.22235846431759754,0.06921738841376471,6.3,1.7999999999999998
autista,BHA,44,420,5.032569260369923,0.16327228399355267,0.04193168456435015,3.1,1.4000000000000001
autista,BHA,45,1000,12.20361615182492,0.23163607121317378,0.06792423900046296,5.6000000000000005,1.9
autista,BHA,46,1000,12.091778489984177,0.2449437139276654,0.05533961702901926,5.3,2.1
autista,BHA,47,1000,12.042072862499403,0.19947624207961753,0.052915431814511,4.2,1.3
autista,BHA,48,1000,12.046214998123125,0.22371006847236405,0.06312875845310505,6.9,3.0
autista,BHA,49,1000,11.99236723501463,0.14075549107750115,0.03761699761802157,3.5000000000000004,1.7000000000000002
autista,BHA,5,1000,12.05864140499433,0.17219738395686135,0.043819090947797776,4.2,1.6
autista,BHA,6,1000,12.187047609329998,0.2258205981834038,0.06695335303772422,5.800000000000001,1.9
autista,BHA,7,1000,12.124915574974027,0.26766964114230973,0.07490876169332172,6.2,2.1999999999999997
autista,BHA,8,1000,12.025504320004488,0.212535141426264,0.05997680245299223,4.9,1.2
autista,BHA,9,1000,12.071067811865525,0.23820999954995187,0.06930298249785001,6.1,1.7000000000000002
autista,lawnmower,0,1001,10.82916502004074,0.8481292067460404,0.015285068385736511,1.5,1.4000000000000001
autista,lawnmower,1,1001,10.82916502004074,0.8481292067460404,0.015285068385736511,1.5,1.4000000000000001
autista,lawnmower,10,1001,10.82916502004074,0.8481292067460404,0.015285068385736511,1.5,1.4000000000000001
autista,lawnmower,11,1001,10.82916502004074,0.8481292067460404,0.015285068385736511,1.5,1.4000000000000001
autista,lawnmower,12,1001,10.82916502004074,0.8481292067460404,0.015285068385736511,1.5,1.4000000000000001
autista,lawnmower,13,1001,10.82916502004074,0.8481292067460404,0.015285068385736511,1.5,1.4000000000000001
autista,lawnmower,14,1001,10.82916502004074,0.8481292067460404,0.015285068385736511,1.5,1.4000000000000001
autista,lawnmower,15,1001,10.82916502004074,0.8481292067460404,0.015285068385736511,1.5,1.4000000000000001
autista,lawnmower,16,1001,10.82916502004074,0.8481292067460404,0.015285068385736511,1.5,1.4000000000000001
autista,lawnmower,17,1001,10.82916502004074,0.8481292067460404,0.015285068385736511,1.5,1.4000000000000001
autista,lawnmower,18,1001,10.82916502004074,0.8481292067460404,0.015285068385736511,1.5,1.4000000000000001
autista,lawnmower,19,1001,10.82916502004074,0.8481292067460404,0.015285068385736511,1.5,1.4000000000000001
autista,lawnmower,2,1001,10.82916502004074,0.8481292067460404,0.015285068385736511,1.5,1.4000000000000001
autista,lawnmower,20,1001,10.82916502004074,0.8481292067460404,0.015285068385736511,1.5,1.4000000000000001
autista,lawnmower,21,1001,10.82916502004074,0.8481292067460404,0.015285068385736511,1.5,1.4000000000000001
autista,lawnmower,22,1001,10.82916502004074,0.8481292067460404,0.015285068385736511,1.5,1.4000000000000001
autista,lawnmower,23,1001,10.82916502004074,0.8481292067460404,0.015285068385736511,1.5,1.4000000000000001
autista,lawnmower,24,1001,10.82916502004074,0.8481292067460404,0.015285068385736511,1.5,1.4000000000000001
autista,lawnmower,25,1001,10.82916502004074,0.8481292067460404,0.015285068385736511,1.5,1.4000000000000001
autista,lawnmower,26,1001,10.82916502004074,0.8481292067460404,0.015285068385736511,1.5,1.4000000000000001
autista,lawnmower,27,1001,10.82916502004074,0.8481292067460404,0.015285068385736511,1.5,1.4000000000000001
autista,lawnmower,28,1001,10.82916502004074,0.8481292067460404,0.015285068385736511,1.5,1.4000000000000001
autista,lawnmower,29,1001,10.82916502004074,0.8481292067460404,0.015285068385736511,1.5,1.4000000000000001
autista,lawnmower,3,1001,10.82916502004074,0.8481292067460404,0.015285068385736511,1.5,1.4000000000000001
autista,lawnmower,30,1001,10.82916502004074,0.8481292067460404,0.015285068385736511,1.5,1.4000000000000001
autista,lawnmower,31,1001,10.82916502004074,0.8481292067460404,0.015285068385736511,1.5,1.4000000000000001
autista,lawnmower,32,1001,10.82916502004074,0.8481292067460404,0.015285068385736511,1.5,1.4000000000000001
autista,lawnmower,33,1001,10.82916502004074,0.8481292067460404,0.015285068385736511,1.5,1.4000000000000001
autista,lawnmower,34,1001,10.82916502004074,0.8481292067460404,0.015285068385736511,1.5,1.4000000000000001
autista,lawnmower,35,1001,10.82916502004074,0.8481292067460404,0.015285068385736511,1.5,1.4000000000000001
autista,lawnmower,36,1001,10.82916502004074,0.8481292067460404,0.015285068385736511,1.5,1.4000000000000001
autista,lawnmower,37,1001,10.82916502004074,0.8481292067460404,0.015285068385736511,1.5,1.4000000000000001
autista,lawnmower,38,1001,10.82916502004074,0.8481292067460404,0.015285068385736511,1.5,1.4000000000000001
autista,lawnmower,39,1001,10.82916502004074,0.8481292067460404,0.015285068385736511,1.5,1.4000000000000001
autista,lawnmower,4,1001,10.82916502004074,0.8481292067460404,0.015285068385736511,1.5,1.4000000000000001
autista,lawnmower,40,1001,10.82916502004074,0.8481292067460404,0.015285068385736511,1.5,1.4000000000000001
autista,lawnmower,41,1001,10.82916502004074,0.8481292067460404,0.015285068385736511,1.5,1.4000000000000001
autista,lawnmower,42,1001,10.82916502004074,0.8481292067460404,0.015285068385736511,1.5,1.4000000000000001
autista,lawnmower,43,1001,10.82916502004074,0.8481292067460404,0.015285068385736511,1.5,1.4000000000000001
autista,lawnmower,44,1001,10.82916502004074,0.8481292067460404,0.015285068385736511,1.5,1.4000000000000001
autista,lawnmower,45,1001,10.82916502004074,0.8481292067460404,0.015285068385736511,1.5,1.4000000000000001
autista,lawnmower,46,1001,10.82916502004074,0.8481292067460404,0.015285068385736511,1.5,1.4000000000000001
autista,lawnmower,47,1001,10.82916502004074,0.8481292067460404,0.015285068385736511,1.5,1.4000000000000001
autista,lawnmower,48,1001,10.82916502004074,0.8481292067460404,0.015285068385736511,1.5,1.4000000000000001
autista,lawnmower,49,1001,10.82916502004074,0.8481292067460404,0.015285068385736511,1.5,1.4000000000000001
autista,lawnmower,5,1001,10.82916502004074,0.8481292067460404,0.015285068385736511,1.5,1.4000000000000001
autista,lawnmower,6,1001,10.82916502004074,0.8481292067460404,0.015285068385736511,1.5,1.4000000000000001
autista,lawnmower,7,1001,10.82916502004074,0.8481292067460404,0.015285068385736511,1.5,1.4000000000000001
autista,lawnmower,8,1001,10.82916502004074,0.8481292067460404,0.015285068385736511,1.5,1.4000000000000001
autista,lawnmower,9,1001,10.82916502004074,0.8481292067460404,0.015285068385736511,1.5,1.4000000000000001
autista,expanding_sq,0,1001,10.038994949366117,0.28656345384367055,0.06719239197211387,6.1,2.4
autista,expanding_sq,1,1001,10.038994949366117,0.28656345384367055,0.06719239197211387,6.1,2.4
autista,expanding_sq,10,1001,10.038994949366117,0.28656345384367055,0.06719239197211387,6.1,2.4
autista,expanding_sq,11,1001,10.038994949366117,0.28656345384367055,0.06719239197211387,6.1,2.4
autista,expanding_sq,12,1001,10.038994949366117,0.28656345384367055,0.06719239197211387,6.1,2.4
autista,expanding_sq,13,1001,10.038994949366117,0.28656345384367055,0.06719239197211387,6.1,2.4
autista,expanding_sq,14,1001,10.038994949366117,0.28656345384367055,0.06719239197211387,6.1,2.4
autista,expanding_sq,15,1001,10.038994949366117,0.28656345384367055,0.06719239197211387,6.1,2.4
autista,expanding_sq,16,1001,10.038994949366117,0.28656345384367055,0.06719239197211387,6.1,2.4
autista,expanding_sq,17,1001,10.038994949366117,0.28656345384367055,0.06719239197211387,6.1,2.4
autista,expanding_sq,18,1001,10.038994949366117,0.28656345384367055,0.06719239197211387,6.1,2.4
autista,expanding_sq,19,1001,10.038994949366117,0.28656345384367055,0.06719239197211387,6.1,2.4
autista,expanding_sq,2,1001,10.038994949366117,0.28656345384367055,0.06719239197211387,6.1,2.4
autista,expanding_sq,20,1001,10.038994949366117,0.28656345384367055,0.06719239197211387,6.1,2.4
autista,expanding_sq,21,1001,10.038994949366117,0.28656345384367055,0.06719239197211387,6.1,2.4
autista,expanding_sq,22,1001,10.038994949366117,0.28656345384367055,0.06719239197211387,6.1,2.4
autista,expanding_sq,23,57,0.5989949493661166,0.05666412480884209,0.012948628579767502,1.7999999999999998,0.4
autista,expanding_sq,24,1001,10.038994949366117,0.28656345384367055,0.06719239197211387,6.1,2.4
autista,expanding_sq,25,1001,10.038994949366117,0.28656345384367055,0.06719239197211387,6.1,2.4
autista,expanding_sq,26,1001,10.038994949366117,0.28656345384367055,0.06719239197211387,6.1,2.4
autista,expanding_sq,27,1001,10.038994949366117,0.28656345384367055,0.06719239197211387,6.1,2.4
autista,expanding_sq,28,1001,10.038994949366117,0.28656345384367055,0.06719239197211387,6.1,2.4
autista,expanding_sq,29,1001,10.038994949366117,0.28656345384367055,0.06719239197211387,6.1,2.4
autista,expanding_sq,3,1001,10.038994949366117,0.28656345384367055,0.06719239197211387,6.1,2.4
autista,expanding_sq,30,1001,10.038994949366117,0.28656345384367055,0.06719239197211387,6.1,2.4
autista,expanding_sq,31,1001,10.038994949366117,0.28656345384367055,0.06719239197211387,6.1,2.4
autista,expanding_sq,32,1001,10.038994949366117,0.28656345384367055,0.06719239197211387,6.1,2.4
autista,expanding_sq,33,1001,10.038994949366117,0.28656345384367055,0.06719239197211387,6.1,2.4
autista,expanding_sq,34,1001,10.038994949366117,0.28656345384367055,0.06719239197211387,6.1,2.4
autista,expanding_sq,35,1001,10.038994949366117,0.28656345384367055,0.06719239197211387,6.1,2.4
autista,expanding_sq,36,1001,10.038994949366117,0.28656345384367055,0.06719239197211387,6.1,2.4
autista,expanding_sq,37,1001,10.038994949366117,0.28656345384367055,0.06719239197211387,6.1,2.4
autista,expanding_sq,38,1001,10.038994949366117,0.28656345384367055,0.06719239197211387,6.1,2.4
autista,expanding_sq,39,1001,10.038994949366117,0.28656345384367055,0.06719239197211387,6.1,2.4
autista,expanding_sq,4,1001,10.038994949366117,0.28656345384367055,0.06719239197211387,6.1,2.4
autista,expanding_sq,40,1001,10.038994949366117,0.28656345384367055,0.06719239197211387,6.1,2.4
autista,expanding_sq,41,1001,10.038994949366117,0.28656345384367055,0.06719239197211387,6.1,2.4
autista,expanding_sq,42,1001,10.038994949366117,0.28656345384367055,0.06719239197211387,6.1,2.4
autista,expanding_sq,43,1001,10.038994949366117,0.28656345384367055,0.06719239197211387,6.1,2.4
autista,expanding_sq,44,1001,10.038994949366117,0.28656345384367055,0.06719239197211387,6.1,2.4
autista,expanding_sq,45,1001,10.038994949366117,0.28656345384367055,0.06719239197211387,6.1,2.4
autista,expanding_sq,46,1001,10.038994949366117,0.28656345384367055,0.06719239197211387,6.1,2.4
autista,expanding_sq,47,1001,10.038994949366117,0.28656345384367055,0.06719239197211387,6.1,2.4
autista,expanding_sq,48,1001,10.038994949366117,0.28656345384367055,0.06719239197211387,6.1,2.4
autista,expanding_sq,49,1001,10.038994949366117,0.28656345384367055,0.06719239197211387,6.1,2.4
autista,expanding_sq,5,1001,10.038994949366117,0.28656345384367055,0.06719239197211387,6.1,2.4
autista,expanding_sq,6,1001,10.038994949366117,0.28656345384367055,0.06719239197211387,6.1,2.4
autista,expanding_sq,7,1001,10.038994949366117,0.28656345384367055,0.06719239197211387,6.1,2.4
autista,expanding_sq,8,1001,10.038994949366117,0.28656345384367055,0.06719239197211387,6.1,2.4
autista,expanding_sq,9,1001,10.038994949366117,0.28656345384367055,0.06719239197211387,6.1,2.4
demencia,voraz-heur,0,1000,12.63854039231666,0.10183746960646922,0.048359394746404785,5.5,0.8
demencia,voraz-heur,1,1000,12.63854039231666,0.10183746960646922,0.048359394746404785,5.5,0.8
demencia,voraz-heur,10,1000,12.63854039231666,0.10183746960646922,0.048359394746404785,5.5,0.8
demencia,voraz-heur,11,1000,12.63854039231666,0.10183746960646922,0.048359394746404785,5.5,0.8
demencia,voraz-heur,12,1000,12.63854039231666,0.10183746960646922,0.048359394746404785,5.5,0.8
demencia,voraz-heur,13,1000,12.63854039231666,0.10183746960646922,0.048359394746404785,5.5,0.8
demencia,voraz-heur,14,761,9.859179643685897,0.08367019620585701,0.04188201897746403,4.3999999999999995,0.4
demencia,voraz-heur,15,1000,12.63854039231666,0.10183746960646922,0.048359394746404785,5.5,0.8
demencia,voraz-heur,16,1000,12.63854039231666,0.10183746960646922,0.048359394746404785,5.5,0.8
demencia,voraz-heur,17,1000,12.63854039231666,0.10183746960646922,0.048359394746404785,5.5,0.8
demencia,voraz-heur,18,1000,12.63854039231666,0.10183746960646922,0.048359394746404785,5.5,0.8
demencia,voraz-heur,19,1000,12.63854039231666,0.10183746960646922,0.048359394746404785,5.5,0.8
demencia,voraz-heur,2,1000,12.63854039231666,0.10183746960646922,0.048359394746404785,5.5,0.8
demencia,voraz-heur,20,1000,12.63854039231666,0.10183746960646922,0.048359394746404785,5.5,0.8
demencia,voraz-heur,21,1000,12.63854039231666,0.10183746960646922,0.048359394746404785,5.5,0.8
demencia,voraz-heur,22,1000,12.63854039231666,0.10183746960646922,0.048359394746404785,5.5,0.8
demencia,voraz-heur,23,1000,12.63854039231666,0.10183746960646922,0.048359394746404785,5.5,0.8
demencia,voraz-heur,24,1000,12.63854039231666,0.10183746960646922,0.048359394746404785,5.5,0.8
demencia,voraz-heur,25,1000,12.63854039231666,0.10183746960646922,0.048359394746404785,5.5,0.8
demencia,voraz-heur,26,1000,12.63854039231666,0.10183746960646922,0.048359394746404785,5.5,0.8
demencia,voraz-heur,27,1000,12.63854039231666,0.10183746960646922,0.048359394746404785,5.5,0.8
demencia,voraz-heur,28,1000,12.63854039231666,0.10183746960646922,0.048359394746404785,5.5,0.8
demencia,voraz-heur,29,1000,12.63854039231666,0.10183746960646922,0.048359394746404785,5.5,0.8
demencia,voraz-heur,3,370,4.648549057834395,0.05230153835767309,0.027388953040070062,2.3,0.3
demencia,voraz-heur,30,1000,12.63854039231666,0.10183746960646922,0.048359394746404785,5.5,0.8
demencia,voraz-heur,31,1000,12.63854039231666,0.10183746960646922,0.048359394746404785,5.5,0.8
demencia,voraz-heur,32,1000,12.63854039231666,0.10183746960646922,0.048359394746404785,5.5,0.8
demencia,voraz-heur,33,1000,12.63854039231666,0.10183746960646922,0.048359394746404785,5.5,0.8
demencia,voraz-heur,34,1000,12.63854039231666,0.10183746960646922,0.048359394746404785,5.5,0.8
demencia,voraz-heur,35,1000,12.63854039231666,0.10183746960646922,0.048359394746404785,5.5,0.8
demencia,voraz-heur,36,1000,12.63854039231666,0.10183746960646922,0.048359394746404785,5.5,0.8
demencia,voraz-heur,37,1000,12.63854039231666,0.10183746960646922,0.048359394746404785,5.5,0.8
demencia,voraz-heur,38,1000,12.63854039231666,0.10183746960646922,0.048359394746404785,5.5,0.8
demencia,voraz-heur,39,1000,12.63854039231666,0.10183746960646922,0.048359394746404785,5.5,0.8
demencia,voraz-heur,4,1000,12.63854039231666,0.10183746960646922,0.048359394746404785,5.5,0.8
demencia,voraz-heur,40,1000,12.63854039231666,0.10183746960646922,0.048359394746404785,5.5,0.8
demencia,voraz-heur,41,1000,12.63854039231666,0.10183746960646922,0.048359394746404785,5.5,0.8
demencia,voraz-heur,42,1000,12.63854039231666,0.10183746960646922,0.048359394746404785,5.5,0.8
demencia,voraz-heur,43,1000,12.63854039231666,0.10183746960646922,0.048359394746404785,5.5,0.8
demencia,voraz-heur,44,1000,12.63854039231666,0.10183746960646922,0.048359394746404785,5.5,0.8
demencia,voraz-heur,45,1000,12.63854039231666,0.10183746960646922,0.048359394746404785,5.5,0.8
demencia,voraz-heur,46,1000,12.63854039231666,0.10183746960646922,0.048359394746404785,5.5,0.8
demencia,voraz-heur,47,1000,12.63854039231666,0.10183746960646922,0.048359394746404785,5.5,0.8
demencia,voraz-heur,48,1000,12.63854039231666,0.10183746960646922,0.048359394746404785,5.5,0.8
demencia,voraz-heur,49,1000,12.63854039231666,0.10183746960646922,0.048359394746404785,5.5,0.8
demencia,voraz-heur,5,1000,12.63854039231666,0.10183746960646922,0.048359394746404785,5.5,0.8
demencia,voraz-heur,6,1000,12.63854039231666,0.10183746960646922,0.048359394746404785,5.5,0.8
demencia,voraz-heur,7,1000,12.63854039231666,0.10183746960646922,0.048359394746404785,5.5,0.8
demencia,voraz-heur,8,1000,12.63854039231666,0.10183746960646922,0.048359394746404785,5.5,0.8
demencia,voraz-heur,9,1000,12.63854039231666,0.10183746960646922,0.048359394746404785,5.5,0.8
demencia,ACO,0,926,11.202661607529844,0.15245278911834537,0.04947379720183258,4.5,1.7000000000000002
demencia,ACO,1,1000,12.174621202458805,0.21614065236486468,0.07063121503799094,7.6,1.6
demencia,ACO,10,1000,12.066925676241793,0.1423300292572413,0.03790572936643936,3.0,1.3
demencia,ACO,11,1000,12.095920625607908,0.2180997596236098,0.09268591634225021,8.1,1.4000000000000001
demencia,ACO,12,1000,12.182905473706265,0.1658668692114548,0.06717592984120745,8.0,1.0999999999999999
demencia,ACO,13,1000,12.008935777509553,0.20139512652842775,0.04403203062383145,3.5000000000000004,1.3
demencia,ACO,14,1000,12.141484117468961,0.1893870114374712,0.07579786249842822,7.000000000000001,1.3
demencia,ACO,15,1000,12.091778489984183,0.17870388756599387,0.07788713230383176,8.4,1.2
demencia,ACO,16,1000,12.170479066835068,0.1957790697718659,0.06853875744136483,6.7,1.3
demencia,ACO,17,1000,12.145626253092678,0.15450801188159963,0.05427432107624752,4.8,1.3
demencia,ACO,18,961,11.672783540618054,0.18970430565409813,0.07756813042423663,8.200000000000001,1.6
demencia,ACO,19,1000,12.104204896855368,0.19324074407973388,0.061329243450746404,6.2,1.3
demencia,ACO,2,1000,12.253321779309685,0.18267896048114704,0.07417915388587103,6.9,1.5
demencia,ACO,20,1000,12.091778489984176,0.160216417588125,0.07721961849762822,7.9,1.0
demencia,ACO,21,1000,12.21190042307238,0.18359727328543785,0.07777478639574857,7.199999999999999,1.6
demencia,ACO,22,1000,12.104204896855382,0.12558777680422448,0.06396295823218454,5.8999999999999995,0.6
demencia,ACO,23,1000,12.282316728675807,0.20420979603868197,0.09167002026783395,8.6,1.4000000000000001
demencia,ACO,24,1000,12.203616151824923,0.16749142009746104,0.07725039270995192,8.0,1.0
demencia,ACO,25,1000,12.257463914933425,0.16732432021308521,0.07704488291787741,7.3,1.0
demencia,ACO,26,1000,12.278174593052077,0.23113679405326645,0.08382811670545458,8.7,1.4000000000000001
demencia,ACO,27,1000,12.116631303726557,0.18921522702005733,0.07371956724445503,6.800000000000001,1.0
demencia,ACO,28,1000,12.095920625607917,0.22510905954432356,0.08158241138150851,8.200000000000001,1.3
demencia,ACO,29,1000,12.017220048757014,0.18329583298558413,0.04227158719141577,4.2,1.0999999999999999
demencia,ACO,3,105,1.2943860018001274,0.059509400629915124,0.029982885177613466,3.0,0.3
demencia,ACO,30,112,1.409949493661168,0.05096385318501823,0.025771931238388654,2.1999999999999997,0.2
demencia,ACO,31,1000,12.17047906683507,0.20940570547577342,0.06665975802144335,6.9,1.6
demencia,ACO,32,1000,12.137341981845221,0.19433210364768969,0.08239125225923365,7.5,1.0999999999999999
demencia,ACO,33,1000,12.25332177930969,0.18666863312599613,0.08862652604989132,8.6,1.2
demencia,ACO,34,1000,12.025504320004481,0.23226593647747956,0.04917530579256406,5.0,2.6
demencia,ACO,35,1000,12.145626253092674,0.11106256045189324,0.05667776264247577,5.800000000000001,0.7000000000000001
demencia,ACO,36,994,12.044204896855378,0.2207780960689734,0.09256883603442359,9.700000000000001,1.5
demencia,ACO,37,1000,12.095920625607913,0.20819822941538865,0.06959010923839767,7.6,1.7000000000000002
demencia,ACO,38,1000,12.05035713374687,0.1495600421278586,0.07106290174916843,7.1,1.0
demencia,ACO,39,1000,12.133199846221485,0.16807451193640302,0.08074767338464929,7.8,1.2
demencia,ACO,4,1000,12.19947401620119,0.2337084764093936,0.09239434735094952,9.1,1.4000000000000001
demencia,ACO,40,1000,12.145626253092688,0.19205292678312694,0.058121845222122305,5.6000000000000005,1.4000000000000001
demencia,ACO,41,1000,12.046214998123133,0.14578374112190323,0.07004300268346045,7.1,1.3
demencia,ACO,42,1000,12.14976838871641,0.18932603601012027,0.08082946615381058,7.9,2.1
demencia,ACO,43,1000,12.058641404994326,0.15486462751729868,0.07327679462423842,7.3,0.8
demencia,ACO,44,1000,12.062783540618064,0.14426800150474597,0.06302974091766031,6.9,1.2
demencia,ACO,45,1000,12.000651506262084,0.23325158380471567,0.0877715400903611,9.5,1.7999999999999998
demencia,ACO,46,1000,12.12905771059776,0.14033871342189344,0.06999415651170592,7.3,0.8999999999999999
demencia,ACO,47,1000,12.129057710597769,0.20686225523102753,0.07930825945136478,7.199999999999999,1.4000000000000001
demencia,ACO,48,1000,12.095920625607912,0.16616352098603704,0.0726740933949991,7.8,1.4000000000000001
demencia,ACO,49,1000,12.207758287448652,0.13891346654046408,0.06769778804889788,6.9,0.8
demencia,ACO,5,1000,11.888813844421357,0.1999757118360665,0.09274081387138737,8.9,1.6
demencia,ACO,6,1000,12.03793072687567,0.14198017680537064,0.07023761893745174,7.000000000000001,1.0999999999999999
demencia,ACO,7,1000,12.075209947489258,0.18229087735736854,0.08547250676984956,9.5,1.0
demencia,ACO,8,1000,12.017220048757014,0.2263082056408548,0.07365698044793398,7.7,1.7000000000000002
demencia,ACO,9,1000,12.071067811865525,0.2499819454050526,0.09316044774619181,9.2,1.6
demencia,ABC,0,712,8.6235952314143,0.13044368379572593,0.058503276204836564,6.1,1.3
demencia,ABC,1,1000,12.025504320004485,0.16577280634779998,0.07644733208282808,8.4,0.8999999999999999
demencia,ABC,10,1000,12.04207286249941,0.1743991433731664,0.07299011835907508,7.1,0.8999999999999999
demencia,ABC,11,1000,12.18290547370627,0.19011125319026356,0.06831047841142783,6.9,1.5
demencia,ABC,12,1000,12.182905473706267,0.15757569681666872,0.07111198397820162,7.000000000000001,1.3
demencia,ABC,13,1000,12.129057710597769,0.25010191853114416,0.07389721175785856,7.9,1.7000000000000002
demencia,ABC,14,388,4.700142853498734,0.09523692197898805,0.046959229997386415,5.6000000000000005,0.6
demencia,ABC,15,1000,12.133199846221485,0.19286591792516153,0.08298608429699121,8.5,1.4000000000000001
demencia,ABC,16,1000,12.08349421873673,0.1874881037949746,0.08793117488545582,8.7,1.4000000000000001
demencia,ABC,17,1000,12.124915574974024,0.17798528506332092,0.08202443891559554,8.4,1.5
demencia,ABC,18,809,9.796559876977147,0.1533168242845926,0.07044597145677388,7.3999999999999995,1.3
demencia,ABC,19,1000,12.08763635436045,0.18748688644762163,0.07608240502019616,8.200000000000001,1.0
demencia,ABC,2,1000,12.145626253092681,0.17600371390192815,0.08136010367967922,7.8,1.3
demencia,ABC,20,1000,12.013077913133278,0.2386231135695961,0.0908272804719711,9.4,1.5
demencia,ABC,21,1000,12.14562625309268,0.17047685750009417,0.07134880965853685,7.6,0.8
demencia,ABC,22,1000,11.996509370638357,0.16375144599276092,0.07339421476227657,7.9,1.0
demencia,ABC,23,1000,12.112489168102831,0.17507931464639798,0.08359588936902637,7.9,1.0999999999999999
demencia,ABC,24,1000,12.170479066835064,0.20476685779623227,0.08824569929564227,9.700000000000001,1.0999999999999999
demencia,ABC,25,1000,12.029646455628217,0.2023267167466744,0.07343045953917252,7.1,1.4000000000000001
demencia,ABC,26,1000,12.004793641885824,0.1869870798919173,0.08390625101888782,8.200000000000001,1.0999999999999999
demencia,ABC,27,1000,12.120773439350303,0.1547419010215567,0.07177273548708092,7.9,0.8999999999999999
demencia,ABC,28,1000,12.124915574974027,0.17824482280684567,0.081555436194862,8.4,0.8999999999999999
demencia,ABC,29,1000,12.232611101191033,0.10683396394265883,0.05395259744058573,5.5,0.7000000000000001
demencia,ABC,3,76,0.9215432893255071,0.040370062555222665,0.020004490649302244,2.1999999999999997,0.3
demencia,ABC,30,669,8.044478348959977,0.14541159233480858,0.06626055654201529,6.800000000000001,1.2
demencia,ABC,31,1000,12.13319984622149,0.2468794798643084,0.09499500038098826,9.1,1.7000000000000002
demencia,ABC,32,1000,12.108347032479104,0.1717407748809687,0.08001057937820204,7.3999999999999995,1.3
demencia,ABC,33,1000,12.224326829943573,0.1588169519294681,0.07181241395696106,7.3999999999999995,0.8999999999999999
demencia,ABC,34,1000,12.046214998123133,0.16664900225991722,0.07501821374436629,8.3,0.8999999999999999
demencia,ABC,35,1000,12.042072862499408,0.18224854511624516,0.07747627381559348,8.1,0.8999999999999999
demencia,ABC,36,1000,12.170479066835073,0.14396632557065062,0.06267225397909122,7.5,1.0999999999999999
demencia,ABC,37,1000,12.087636354360448,0.16164411657873878,0.07569238849291582,8.0,1.0999999999999999
demencia,ABC,38,1000,12.16633693121134,0.23608962267066297,0.09775963667007437,9.8,1.6
demencia,ABC,39,1000,12.133199846221482,0.1505217692444001,0.06920566214089999,6.9,1.3
demencia,ABC,4,1000,12.037930726875668,0.19407341056811148,0.07937893041821018,8.1,1.0999999999999999
demencia,ABC,40,1000,12.21604255869611,0.19267319537560015,0.06821781818500144,7.199999999999999,1.2
demencia,ABC,41,1000,12.203616151824916,0.1890611082212015,0.0755558226613949,7.3999999999999995,1.4000000000000001
demencia,ABC,42,1000,12.017220048757027,0.190571602225659,0.08474196833974872,8.5,1.3
demencia,ABC,43,1000,12.02550432000448,0.30127739119723895,0.10474954612181346,10.4,2.3
demencia,ABC,44,1000,12.091778489984174,0.14739912263673735,0.07066246555371108,6.2,1.0
demencia,ABC,45,1000,12.187047609329989,0.1602188089326417,0.07507323362360994,7.5,1.0
demencia,ABC,46,1000,12.08763635436045,0.2056607504732928,0.09176214153828005,9.4,1.0999999999999999
demencia,ABC,47,1000,12.037930726875668,0.1410754191254484,0.06197855754018984,6.9,0.8
demencia,ABC,48,1000,12.153910524340144,0.160401334448475,0.0771212401957766,7.000000000000001,1.0
demencia,ABC,49,1000,12.182905473706265,0.12749385563954907,0.060906695971148325,6.7,0.8999999999999999
demencia,ABC,5,1000,12.19947401620119,0.1283147715082933,0.06314529706234502,6.7,0.7000000000000001
demencia,ABC,6,1000,12.294743135547,0.14825590578440892,0.07322263344692001,6.9,0.8999999999999999
demencia,ABC,7,1000,12.16633693121134,0.17008718867803274,0.0797197613988351,7.8,1.0999999999999999
demencia,ABC,8,1000,12.224326829943566,0.18613835465758186,0.07998653464121526,8.0,1.2
demencia,ABC,9,1000,12.174621202458802,0.15293732016246078,0.0701464528867288,7.3,1.0999999999999999
demencia,BHA,0,802,9.747270555095803,0.18253662603211027,0.07451027743785643,8.6,1.4000000000000001
demencia,BHA,1,644,7.794478348959984,0.1791221470396722,0.07047518234104327,7.9,1.6
demencia,BHA,10,1000,12.091778489984181,0.18598757927683376,0.08375226582851561,8.3,0.8999999999999999
demencia,BHA,11,1000,12.008935777509548,0.16938983012174427,0.07916326385230267,7.3999999999999995,1.0999999999999999
demencia,BHA,12,1000,12.042072862499404,0.1683953525607061,0.07408458384137798,7.8,1.0999999999999999
demencia,BHA,13,1000,12.06692567624179,0.18871427959214906,0.0795729561070385,8.9,1.6
demencia,BHA,14,242,2.925340546095185,0.05619277693404295,0.019236989390959195,1.5,0.6
demencia,BHA,15,1000,12.013077913133287,0.1535596491276397,0.0716710443713591,7.3999999999999995,0.8999999999999999
demencia,BHA,16,1000,11.992367235014628,0.14067021519459455,0.07002940350661571,6.6000000000000005,0.6
demencia,BHA,17,1000,12.025504320004483,0.18135016335857237,0.07834407824148353,8.3,0.8
demencia,BHA,18,146,1.770660171779825,0.06595029042710057,0.028269586730396423,2.1999999999999997,0.6
demencia,BHA,19,1000,11.992367235014624,0.2094617143530336,0.09113185858263778,8.5,1.4000000000000001
demencia,BHA,2,1000,12.124915574974022,0.1641561450523117,0.07806300416531593,7.3,1.0
demencia,BHA,20,1000,12.033788591251948,0.1886857420430324,0.07826888646807467,8.5,1.3
demencia,BHA,21,1000,11.95923015002479,0.2169087303240534,0.08786788567337425,9.1,1.2
demencia,BHA,22,1000,12.025504320004481,0.19556128229969572,0.08205669052022116,8.6,1.0
demencia,BHA,23,896,10.832245301926404,0.18736222493911858,0.07506683759304154,8.200000000000001,1.3
demencia,BHA,24,1000,12.133199846221483,0.1330282233136039,0.06430092777727417,5.8999999999999995,0.8999999999999999
demencia,BHA,25,1000,12.062783540618064,0.17274430470249996,0.07945755733861584,7.6,1.3
demencia,BHA,26,1000,12.133199846221489,0.20624783647193892,0.09265186540955496,9.6,1.4000000000000001
demencia,BHA,27,856,10.303839097590739,0.12128306978103277,0.053667401137864536,5.6000000000000005,0.7000000000000001
demencia,BHA,28,1000,12.058641404994328,0.1839990282995751,0.06810700694862229,7.5,0.8999999999999999
demencia,BHA,29,1000,12.112489168102842,0.2566379195392131,0.0950874217480925,10.5,1.7999999999999998
demencia,BHA,3,72,0.8774011537017762,0.037154108474415706,0.017359059154345536,1.7000000000000002,0.1
demencia,BHA,30,151,1.8455129855222112,0.05945722054876826,0.029508394469926227,2.6,0.3
demencia,BHA,31,1000,12.12491557497403,0.1282003766772642,0.06460147455799516,6.3,0.7000000000000001
demencia,BHA,32,1000,12.042072862499404,0.16264287927934196,0.06972248619948539,7.8,0.6
demencia,BHA,33,1000,12.20361615182492,0.18141718746071536,0.07816779847633572,8.4,1.2
demencia,BHA,34,1000,12.066925676241798,0.17547534643597024,0.08079236277181889,7.9,1.4000000000000001
demencia,BHA,35,1000,12.100062761231644,0.1992699906769054,0.08392771424126097,8.799999999999999,1.4000000000000001
demencia,BHA,36,1000,11.950945878777311,0.16610867668580148,0.07806164938552407,7.3999999999999995,1.4000000000000001
demencia,BHA,37,1000,12.042072862499404,0.2312343206968764,0.09758938955600899,9.8,1.5
demencia,BHA,38,1000,11.988225099390897,0.1680400702364106,0.08043110347629771,7.7,1.0999999999999999
demencia,BHA,39,1000,12.108347032479108,0.16736616638677015,0.07135195849288589,7.6,0.8999999999999999
demencia,BHA,4,1000,12.104204896855377,0.2076316167271422,0.09220649089818228,9.3,1.4000000000000001
demencia,BHA,40,1000,11.984082963767182,0.1903525228538867,0.0876321959480004,8.9,1.2
demencia,BHA,41,1000,12.03793072687567,0.2041260982686342,0.0901195688089311,9.2,1.4000000000000001
demencia,BHA,42,1000,12.033788591251941,0.22670305198850396,0.08136187260423261,9.3,1.4000000000000001
demencia,BHA,43,1000,12.07106781186552,0.17327837067268248,0.08207918652484014,8.4,1.2
demencia,BHA,44,1000,12.10420489685537,0.19632822958203267,0.08673744263311894,8.9,1.2
demencia,BHA,45,1000,12.058641404994335,0.1590079507789302,0.07712544720982913,8.4,1.0
demencia,BHA,46,1000,12.079352083112987,0.20280692334667122,0.07452219719363379,7.3,0.8
demencia,BHA,47,1000,12.141484117468954,0.14380737623656462,0.06504362496232495,7.3,0.8999999999999999
demencia,BHA,48,1000,11.988225099390915,0.19587575092271012,0.08451367217517966,9.2,1.6
demencia,BHA,49,1000,12.137341981845227,0.19385716629892205,0.07720360960544571,8.3,1.3
demencia,BHA,5,1000,12.16633693121134,0.18181883102880209,0.08376718804709617,8.3,1.2
demencia,BHA,6,1000,12.16219479558762,0.16076112799185818,0.07468188110948645,7.5,1.3
demencia,BHA,7,1000,12.021362184380747,0.1837819511708226,0.08188576222835524,9.0,1.3
demencia,BHA,8,1000,12.083494218736714,0.14746998995720045,0.07013649852961747,6.2,1.0999999999999999
demencia,BHA,9,1000,11.87224530192643,0.23885348113322544,0.07869725029135512,7.3999999999999995,1.7999999999999998
demencia,lawnmower,0,1001,10.82916502004074,0.8481292067460404,0.01945838949774242,2.3,2.3
demencia,lawnmower,1,1001,10.82916502004074,0.8481292067460404,0.01945838949774242,2.3,2.3
demencia,lawnmower,10,1001,10.82916502004074,0.8481292067460404,0.01945838949774242,2.3,2.3
demencia,lawnmower,11,1001,10.82916502004074,0.8481292067460404,0.01945838949774242,2.3,2.3
demencia,lawnmower,12,1001,10.82916502004074,0.8481292067460404,0.01945838949774242,2.3,2.3
demencia,lawnmower,13,1001,10.82916502004074,0.8481292067460404,0.01945838949774242,2.3,2.3
demencia,lawnmower,14,1001,10.82916502004074,0.8481292067460404,0.01945838949774242,2.3,2.3
demencia,lawnmower,15,1001,10.82916502004074,0.8481292067460404,0.01945838949774242,2.3,2.3
demencia,lawnmower,16,1001,10.82916502004074,0.8481292067460404,0.01945838949774242,2.3,2.3
demencia,lawnmower,17,1001,10.82916502004074,0.8481292067460404,0.01945838949774242,2.3,2.3
demencia,lawnmower,18,1001,10.82916502004074,0.8481292067460404,0.01945838949774242,2.3,2.3
demencia,lawnmower,19,1001,10.82916502004074,0.8481292067460404,0.01945838949774242,2.3,2.3
demencia,lawnmower,2,1001,10.82916502004074,0.8481292067460404,0.01945838949774242,2.3,2.3
demencia,lawnmower,20,1001,10.82916502004074,0.8481292067460404,0.01945838949774242,2.3,2.3
demencia,lawnmower,21,1001,10.82916502004074,0.8481292067460404,0.01945838949774242,2.3,2.3
demencia,lawnmower,22,1001,10.82916502004074,0.8481292067460404,0.01945838949774242,2.3,2.3
demencia,lawnmower,23,1001,10.82916502004074,0.8481292067460404,0.01945838949774242,2.3,2.3
demencia,lawnmower,24,1001,10.82916502004074,0.8481292067460404,0.01945838949774242,2.3,2.3
demencia,lawnmower,25,1001,10.82916502004074,0.8481292067460404,0.01945838949774242,2.3,2.3
demencia,lawnmower,26,1001,10.82916502004074,0.8481292067460404,0.01945838949774242,2.3,2.3
demencia,lawnmower,27,1001,10.82916502004074,0.8481292067460404,0.01945838949774242,2.3,2.3
demencia,lawnmower,28,1001,10.82916502004074,0.8481292067460404,0.01945838949774242,2.3,2.3
demencia,lawnmower,29,1001,10.82916502004074,0.8481292067460404,0.01945838949774242,2.3,2.3
demencia,lawnmower,3,1001,10.82916502004074,0.8481292067460404,0.01945838949774242,2.3,2.3
demencia,lawnmower,30,1001,10.82916502004074,0.8481292067460404,0.01945838949774242,2.3,2.3
demencia,lawnmower,31,1001,10.82916502004074,0.8481292067460404,0.01945838949774242,2.3,2.3
demencia,lawnmower,32,1001,10.82916502004074,0.8481292067460404,0.01945838949774242,2.3,2.3
demencia,lawnmower,33,1001,10.82916502004074,0.8481292067460404,0.01945838949774242,2.3,2.3
demencia,lawnmower,34,1001,10.82916502004074,0.8481292067460404,0.01945838949774242,2.3,2.3
demencia,lawnmower,35,1001,10.82916502004074,0.8481292067460404,0.01945838949774242,2.3,2.3
demencia,lawnmower,36,1001,10.82916502004074,0.8481292067460404,0.01945838949774242,2.3,2.3
demencia,lawnmower,37,1001,10.82916502004074,0.8481292067460404,0.01945838949774242,2.3,2.3
demencia,lawnmower,38,1001,10.82916502004074,0.8481292067460404,0.01945838949774242,2.3,2.3
demencia,lawnmower,39,1001,10.82916502004074,0.8481292067460404,0.01945838949774242,2.3,2.3
demencia,lawnmower,4,1001,10.82916502004074,0.8481292067460404,0.01945838949774242,2.3,2.3
demencia,lawnmower,40,1001,10.82916502004074,0.8481292067460404,0.01945838949774242,2.3,2.3
demencia,lawnmower,41,1001,10.82916502004074,0.8481292067460404,0.01945838949774242,2.3,2.3
demencia,lawnmower,42,1001,10.82916502004074,0.8481292067460404,0.01945838949774242,2.3,2.3
demencia,lawnmower,43,1001,10.82916502004074,0.8481292067460404,0.01945838949774242,2.3,2.3
demencia,lawnmower,44,1001,10.82916502004074,0.8481292067460404,0.01945838949774242,2.3,2.3
demencia,lawnmower,45,1001,10.82916502004074,0.8481292067460404,0.01945838949774242,2.3,2.3
demencia,lawnmower,46,1001,10.82916502004074,0.8481292067460404,0.01945838949774242,2.3,2.3
demencia,lawnmower,47,1001,10.82916502004074,0.8481292067460404,0.01945838949774242,2.3,2.3
demencia,lawnmower,48,1001,10.82916502004074,0.8481292067460404,0.01945838949774242,2.3,2.3
demencia,lawnmower,49,1001,10.82916502004074,0.8481292067460404,0.01945838949774242,2.3,2.3
demencia,lawnmower,5,1001,10.82916502004074,0.8481292067460404,0.01945838949774242,2.3,2.3
demencia,lawnmower,6,1001,10.82916502004074,0.8481292067460404,0.01945838949774242,2.3,2.3
demencia,lawnmower,7,1001,10.82916502004074,0.8481292067460404,0.01945838949774242,2.3,2.3
demencia,lawnmower,8,1001,10.82916502004074,0.8481292067460404,0.01945838949774242,2.3,2.3
demencia,lawnmower,9,1001,10.82916502004074,0.8481292067460404,0.01945838949774242,2.3,2.3
demencia,expanding_sq,0,1001,10.038994949366117,0.28656345384367055,0.09334658779205357,9.1,1.7000000000000002
demencia,expanding_sq,1,1001,10.038994949366117,0.28656345384367055,0.09334658779205357,9.1,1.7000000000000002
demencia,expanding_sq,10,1001,10.038994949366117,0.28656345384367055,0.09334658779205357,9.1,1.7000000000000002
demencia,expanding_sq,11,1001,10.038994949366117,0.28656345384367055,0.09334658779205357,9.1,1.7000000000000002
demencia,expanding_sq,12,1001,10.038994949366117,0.28656345384367055,0.09334658779205357,9.1,1.7000000000000002
demencia,expanding_sq,13,1001,10.038994949366117,0.28656345384367055,0.09334658779205357,9.1,1.7000000000000002
demencia,expanding_sq,14,1001,10.038994949366117,0.28656345384367055,0.09334658779205357,9.1,1.7000000000000002
demencia,expanding_sq,15,1001,10.038994949366117,0.28656345384367055,0.09334658779205357,9.1,1.7000000000000002
demencia,expanding_sq,16,1001,10.038994949366117,0.28656345384367055,0.09334658779205357,9.1,1.7000000000000002
demencia,expanding_sq,17,1001,10.038994949366117,0.28656345384367055,0.09334658779205357,9.1,1.7000000000000002
demencia,expanding_sq,18,1001,10.038994949366117,0.28656345384367055,0.09334658779205357,9.1,1.7000000000000002
demencia,expanding_sq,19,1001,10.038994949366117,0.28656345384367055,0.09334658779205357,9.1,1.7000000000000002
demencia,expanding_sq,2,1001,10.038994949366117,0.28656345384367055,0.09334658779205357,9.1,1.7000000000000002
demencia,expanding_sq,20,1001,10.038994949366117,0.28656345384367055,0.09334658779205357,9.1,1.7000000000000002
demencia,expanding_sq,21,1001,10.038994949366117,0.28656345384367055,0.09334658779205357,9.1,1.7000000000000002
demencia,expanding_sq,22,1001,10.038994949366117,0.28656345384367055,0.09334658779205357,9.1,1.7000000000000002
demencia,expanding_sq,23,145,1.4789949493661165,0.08296345384366752,0.03077587676513259,3.3000000000000003,0.6
demencia,expanding_sq,24,1001,10.038994949366117,0.28656345384367055,0.09334658779205357,9.1,1.7000000000000002
demencia,expanding_sq,25,1001,10.038994949366117,0.28656345384367055,0.09334658779205357,9.1,1.7000000000000002
demencia,expanding_sq,26,1001,10.038994949366117,0.28656345384367055,0.09334658779205357,9.1,1.7000000000000002
demencia,expanding_sq,27,720,7.228994949366117,0.22316345384366748,0.07362323209788216,6.5,1.3
demencia,expanding_sq,28,1001,10.038994949366117,0.28656345384367055,0.09334658779205357,9.1,1.7000000000000002
demencia,expanding_sq,29,1001,10.038994949366117,0.28656345384367055,0.09334658779205357,9.1,1.7000000000000002
demencia,expanding_sq,3,1001,10.038994949366117,0.28656345384367055,0.09334658779205357,9.1,1.7000000000000002
demencia,expanding_sq,30,1001,10.038994949366117,0.28656345384367055,0.09334658779205357,9.1,1.7000000000000002
demencia,expanding_sq,31,1001,10.038994949366117,0.28656345384367055,0.09334658779205357,9.1,1.7000000000000002
demencia,expanding_sq,32,1001,10.038994949366117,0.28656345384367055,0.09334658779205357,9.1,1.7000000000000002
demencia,expanding_sq,33,1001,10.038994949366117,0.28656345384367055,0.09334658779205357,9.1,1.7000000000000002
demencia,expanding_sq,34,1001,10.038994949366117,0.28656345384367055,0.09334658779205357,9.1,1.7000000000000002
demencia,expanding_sq,35,1001,10.038994949366117,0.28656345384367055,0.09334658779205357,9.1,1.7000000000000002
demencia,expanding_sq,36,1001,10.038994949366117,0.28656345384367055,0.09334658779205357,9.1,1.7000000000000002
demencia,expanding_sq,37,1001,10.038994949366117,0.28656345384367055,0.09334658779205357,9.1,1.7000000000000002
demencia,expanding_sq,38,1001,10.038994949366117,0.28656345384367055,0.09334658779205357,9.1,1.7000000000000002
demencia,expanding_sq,39,1001,10.038994949366117,0.28656345384367055,0.09334658779205357,9.1,1.7000000000000002
demencia,expanding_sq,4,1001,10.038994949366117,0.28656345384367055,0.09334658779205357,9.1,1.7000000000000002
demencia,expanding_sq,40,1001,10.038994949366117,0.28656345384367055,0.09334658779205357,9.1,1.7000000000000002
demencia,expanding_sq,41,1001,10.038994949366117,0.28656345384367055,0.09334658779205357,9.1,1.7000000000000002
demencia,expanding_sq,42,1001,10.038994949366117,0.28656345384367055,0.09334658779205357,9.1,1.7000000000000002
demencia,expanding_sq,43,1001,10.038994949366117,0.28656345384367055,0.09334658779205357,9.1,1.7000000000000002
demencia,expanding_sq,44,1001,10.038994949366117,0.28656345384367055,0.09334658779205357,9.1,1.7000000000000002
demencia,expanding_sq,45,1001,10.038994949366117,0.28656345384367055,0.09334658779205357,9.1,1.7000000000000002
demencia,expanding_sq,46,1001,10.038994949366117,0.28656345384367055,0.09334658779205357,9.1,1.7000000000000002
demencia,expanding_sq,47,1001,10.038994949366117,0.28656345384367055,0.09334658779205357,9.1,1.7000000000000002
demencia,expanding_sq,48,1001,10.038994949366117,0.28656345384367055,0.09334658779205357,9.1,1.7000000000000002
demencia,expanding_sq,49,1001,10.038994949366117,0.28656345384367055,0.09334658779205357,9.1,1.7000000000000002
demencia,expanding_sq,5,1001,10.038994949366117,0.28656345384367055,0.09334658779205357,9.1,1.7000000000000002
demencia,expanding_sq,6,1001,10.038994949366117,0.28656345384367055,0.09334658779205357,9.1,1.7000000000000002
demencia,expanding_sq,7,1001,10.038994949366117,0.28656345384367055,0.09334658779205357,9.1,1.7000000000000002
demencia,expanding_sq,8,1001,10.038994949366117,0.28656345384367055,0.09334658779205357,9.1,1.7000000000000002
demencia,expanding_sq,9,1001,10.038994949366117,0.28656345384367055,0.09334658779205357,9.1,1.7000000000000002
senderista,voraz-heur,0,1000,11.416610383316032,0.7761148103696679,0.12179582644397911,13.700000000000001,6.3
senderista,voraz-heur,1,1000,11.416610383316032,0.7761148103696679,0.12179582644397911,13.700000000000001,6.3
senderista,voraz-heur,10,1000,11.416610383316032,0.7761148103696679,0.12179582644397911,13.700000000000001,6.3
senderista,voraz-heur,11,1000,11.416610383316032,0.7761148103696679,0.12179582644397911,13.700000000000001,6.3
senderista,voraz-heur,12,1000,11.416610383316032,0.7761148103696679,0.12179582644397911,13.700000000000001,6.3
senderista,voraz-heur,13,1000,11.416610383316032,0.7761148103696679,0.12179582644397911,13.700000000000001,6.3
senderista,voraz-heur,14,340,3.7189444430272878,0.3651456152467947,0.058916896164972435,6.9,3.0
senderista,voraz-heur,15,1000,11.416610383316032,0.7761148103696679,0.12179582644397911,13.700000000000001,6.3
senderista,voraz-heur,16,1000,11.416610383316032,0.7761148103696679,0.12179582644397911,13.700000000000001,6.3
senderista,voraz-heur,17,175,1.9405382386916248,0.19858006304768722,0.04163464606625091,5.800000000000001,2.0
senderista,voraz-heur,18,1000,11.416610383316032,0.7761148103696679,0.12179582644397911,13.700000000000001,6.3
senderista,voraz-heur,19,1000,11.416610383316032,0.7761148103696679,0.12179582644397911,13.700000000000001,6.3
senderista,voraz-heur,2,1000,11.416610383316032,0.7761148103696679,0.12179582644397911,13.700000000000001,6.3
senderista,voraz-heur,20,1000,11.416610383316032,0.7761148103696679,0.12179582644397911,13.700000000000001,6.3
senderista,voraz-heur,21,1000,11.416610383316032,0.7761148103696679,0.12179582644397911,13.700000000000001,6.3
senderista,voraz-heur,22,1000,11.416610383316032,0.7761148103696679,0.12179582644397911,13.700000000000001,6.3
senderista,voraz-heur,23,1000,11.416610383316032,0.7761148103696679,0.12179582644397911,13.700000000000001,6.3
senderista,voraz-heur,24,1000,11.416610383316032,0.7761148103696679,0.12179582644397911,13.700000000000001,6.3
senderista,voraz-heur,25,1000,11.416610383316032,0.7761148103696679,0.12179582644397911,13.700000000000001,6.3
senderista,voraz-heur,26,1000,11.416610383316032,0.7761148103696679,0.12179582644397911,13.700000000000001,6.3
senderista,voraz-heur,27,1000,11.416610383316032,0.7761148103696679,0.12179582644397911,13.700000000000001,6.3
senderista,voraz-heur,28,1000,11.416610383316032,0.7761148103696679,0.12179582644397911,13.700000000000001,6.3
senderista,voraz-heur,29,1000,11.416610383316032,0.7761148103696679,0.12179582644397911,13.700000000000001,6.3
senderista,voraz-heur,3,1000,11.416610383316032,0.7761148103696679,0.12179582644397911,13.700000000000001,6.3
senderista,voraz-heur,30,81,0.9342640687119286,0.09800800855221097,0.023362285592800063,3.3000000000000003,1.0999999999999999
senderista,voraz-heur,31,1000,11.416610383316032,0.7761148103696679,0.12179582644397911,13.700000000000001,6.3
senderista,voraz-heur,32,1000,11.416610383316032,0.7761148103696679,0.12179582644397911,13.700000000000001,6.3
senderista,voraz-heur,33,1000,11.416610383316032,0.7761148103696679,0.12179582644397911,13.700000000000001,6.3
senderista,voraz-heur,34,1000,11.416610383316032,0.7761148103696679,0.12179582644397911,13.700000000000001,6.3
senderista,voraz-heur,35,1000,11.416610383316032,0.7761148103696679,0.12179582644397911,13.700000000000001,6.3
senderista,voraz-heur,36,1000,11.416610383316032,0.7761148103696679,0.12179582644397911,13.700000000000001,6.3
senderista,voraz-heur,37,1000,11.416610383316032,0.7761148103696679,0.12179582644397911,13.700000000000001,6.3
senderista,voraz-heur,38,146,1.650538238691625,0.1695800630476872,0.038671345849967904,5.5,1.5
senderista,voraz-heur,39,1000,11.416610383316032,0.7761148103696679,0.12179582644397911,13.700000000000001,6.3
senderista,voraz-heur,4,1000,11.416610383316032,0.7761148103696679,0.12179582644397911,13.700000000000001,6.3
senderista,voraz-heur,40,1000,11.416610383316032,0.7761148103696679,0.12179582644397911,13.700000000000001,6.3
senderista,voraz-heur,41,1000,11.416610383316032,0.7761148103696679,0.12179582644397911,13.700000000000001,6.3
senderista,voraz-heur,42,1000,11.416610383316032,0.7761148103696679,0.12179582644397911,13.700000000000001,6.3
senderista,voraz-heur,43,1000,11.416610383316032,0.7761148103696679,0.12179582644397911,13.700000000000001,6.3
senderista,voraz-heur,44,1000,11.416610383316032,0.7761148103696679,0.12179582644397911,13.700000000000001,6.3
senderista,voraz-heur,45,1000,11.416610383316032,0.7761148103696679,0.12179582644397911,13.700000000000001,6.3
senderista,voraz-heur,46,1000,11.416610383316032,0.7761148103696679,0.12179582644397911,13.700000000000001,6.3
senderista,voraz-heur,47,1000,11.416610383316032,0.7761148103696679,0.12179582644397911,13.700000000000001,6.3
senderista,voraz-heur,48,1000,11.416610383316032,0.7761148103696679,0.12179582644397911,13.700000000000001,6.3
senderista,voraz-heur,49,1000,11.416610383316032,0.7761148103696679,0.12179582644397911,13.700000000000001,6.3
senderista,voraz-heur,5,891,10.024234482783632,0.7190339252574206,0.116070247566914,12.7,5.7
senderista,voraz-heur,6,1000,11.416610383316032,0.7761148103696679,0.12179582644397911,13.700000000000001,6.3
senderista,voraz-heur,7,1000,11.416610383316032,0.7761148103696679,0.12179582644397911,13.700000000000001,6.3
senderista,voraz-heur,8,1000,11.416610383316032,0.7761148103696679,0.12179582644397911,13.700000000000001,6.3
senderista,voraz-heur,9,1000,11.416610383316032,0.7761148103696679,0.12179582644397911,13.700000000000001,6.3
senderista,ACO,0,1000,12.062783540618058,0.2112178981273251,0.019622891759008387,2.6,1.7000000000000002
senderista,ACO,1,1000,12.091778489984177,0.19905110365762851,0.03522715183976364,3.2,2.0
senderista,ACO,10,1000,12.108347032479102,0.17576993626127121,0.0258391094174755,2.1,1.3
senderista,ACO,11,1000,12.033788591251945,0.15288462437496783,0.035420222566831,4.0,1.0
senderista,ACO,12,1000,12.042072862499412,0.12970051394090162,0.030847882158393163,3.5999999999999996,0.8
senderista,ACO,13,1000,12.145626253092686,0.19483051845209315,0.028119135157092672,2.3,1.9
senderista,ACO,14,1000,11.917808793787477,0.20696082664520324,0.054169320470461406,5.3,1.7000000000000002
senderista,ACO,15,1000,12.116631303726562,0.21802353986043688,0.0312021489470566,3.2,2.1999999999999997
senderista,ACO,16,1000,12.042072862499401,0.21508931344724652,0.05243779237155185,4.7,1.9
senderista,ACO,17,1000,11.992367235014626,0.23554908453111728,0.03831598075417241,4.3999999999999995,2.0
senderista,ACO,18,1000,12.037930726875674,0.18044514968911854,0.022984404405538422,2.6,1.3
senderista,ACO,19,1000,12.058641404994338,0.17075975931538795,0.03771211182734082,3.5000000000000004,1.9
senderista,ACO,2,1000,12.108347032479102,0.16124449332360516,0.032682589069419656,3.1,1.9
senderista,ACO,20,1000,12.017220048757013,0.18708385643767092,0.044575423377332515,4.2,1.9
senderista,ACO,21,1000,12.017220048757025,0.13389671774525697,0.030964887186252007,2.7,1.3
senderista,ACO,22,1000,12.025504320004476,0.19624929993093432,0.04452172088022331,4.0,1.4000000000000001
senderista,ACO,23,1000,12.066925676241791,0.13676922434918357,0.0207740060055599,2.1999999999999997,1.3
senderista,ACO,24,1000,12.129057710597754,0.17419917529145226,0.028200335926712148,2.9000000000000004,1.5
senderista,ACO,25,1000,11.971656556895969,0.151319686378043,0.024936223661651144,2.5,1.6
senderista,ACO,26,1000,11.992367235014635,0.143180631534848,0.029939713892798883,3.3000000000000003,1.0
senderista,ACO,27,1000,12.058641404994335,0.15767606082669408,0.03773241342394895,4.7,0.7000000000000001
senderista,ACO,28,1000,11.967514421272247,0.16521807187953697,0.031976509473718565,3.2,1.2
senderista,ACO,29,1000,12.166336931211342,0.21334043619620024,0.042227693642057584,4.2,2.1999999999999997
senderista,ACO,3,1000,12.062783540618053,0.14626265657945306,0.021103636048008013,1.9,1.3
senderista,ACO,30,1000,12.017220048757029,0.14764617853566248,0.013626342587233333,1.3,1.3
senderista,ACO,31,1000,12.05864140499433,0.1341253770480312,0.024593642261043745,3.3000000000000003,1.7000000000000002
senderista,ACO,32,1000,12.162194795587611,0.14543475428327002,0.026749699786834974,2.3,1.5
senderista,ACO,33,1000,12.021362184380747,0.11004927946098754,0.010358602681327544,1.2,0.8
senderista,ACO,34,1000,12.033788591251938,0.20316321035418006,0.04971569110618393,4.7,1.9
senderista,ACO,35,262,3.1336248173426475,0.06862268906050721,0.00473059228156111,0.6,0.6
senderista,ACO,36,1000,12.071067811865518,0.2097619182445179,0.04071058387157213,3.6999999999999997,2.0
senderista,ACO,37,1000,12.04621499812314,0.19511945273635842,0.0388705758122287,4.2,1.6
senderista,ACO,38,1000,11.971656556895969,0.18986677506659289,0.029192616908703558,2.7,1.3
senderista,ACO,39,471,5.724823227814072,0.11826195647662827,0.02056512853635253,2.1,1.2
senderista,ACO,4,1000,12.10006276123164,0.1456907733854153,0.0314877241696209,3.2,1.5
senderista,ACO,40,1000,12.083494218736712,0.19708642957650427,0.029630389673793226,3.0,1.7999999999999998
senderista,ACO,41,1000,12.046214998123132,0.17555356967156682,0.032679476814918965,3.1,1.7999999999999998
senderista,ACO,42,1000,12.133199846221498,0.177741313504652,0.04040524941800306,3.8,1.9
senderista,ACO,43,1000,12.050357133746864,0.16741300210887197,0.01588859743862316,1.3,1.7000000000000002
senderista,ACO,44,1000,12.104204896855375,0.18394844434650034,0.02752295021996066,2.8000000000000003,1.7000000000000002
senderista,ACO,45,1000,12.071067811865525,0.20106388200721206,0.037334364249221486,4.0,2.0
senderista,ACO,46,1000,12.141484117468956,0.13754257901303732,0.0319864502215913,3.2,1.5
senderista,ACO,47,1000,12.174621202458804,0.12515345468598707,0.02969758216601447,2.9000000000000004,1.0999999999999999
senderista,ACO,48,1000,12.091778489984176,0.19729247144574058,0.022237054819039096,2.5,1.6
senderista,ACO,49,1000,12.004793641885833,0.1344305316803921,0.012719404703121176,1.4000000000000001,1.0
senderista,ACO,5,1000,12.133199846221487,0.23951407534770244,0.056559511964140115,5.800000000000001,2.1999999999999997
senderista,ACO,6,1000,12.033788591251946,0.15484003476351618,0.020526288356389828,2.0,1.2
senderista,ACO,7,1000,12.178763338082526,0.1547066287872579,0.025555153496062445,3.0,1.5
senderista,ACO,8,1000,11.967514421272243,0.13461378360967774,0.02960196457650671,2.7,1.4000000000000001
senderista,ACO,9,1000,12.033788591251943,0.1746096858036925,0.04125266017080823,4.3,1.2
senderista,ABC,0,1000,12.129057710597758,0.19436930548950107,0.049468018131141996,5.800000000000001,1.5
senderista,ABC,1,1000,12.083494218736723,0.2165669054020911,0.05310508509372763,5.6000000000000005,2.0
senderista,ABC,10,816,9.800285706997458,0.18994970102414857,0.046146525911697905,4.3999999999999995,2.1999999999999997
senderista,ABC,11,1000,12.158052659963886,0.22855433997523522,0.05496379904405576,5.5,1.7999999999999998
senderista,ABC,12,1000,12.129057710597753,0.19247892190297192,0.04098815362917604,3.4000000000000004,1.7999999999999998
senderista,ABC,13,1000,12.112489168102833,0.1921235370500082,0.031035879441565283,3.2,2.1999999999999997
senderista,ABC,14,1000,12.03378859125194,0.1763179882503485,0.045338059784090015,4.8,1.6
senderista,ABC,15,1000,12.145626253092686,0.20092802217518077,0.05091998556487127,5.1,1.5
senderista,ABC,16,1000,12.091778489984184,0.17966733298996493,0.045009525710061046,4.7,2.1
senderista,ABC,17,1000,12.087636354360448,0.25487821805204314,0.06258060130312892,6.4,1.7999999999999998
senderista,ABC,18,1000,12.112489168102835,0.25798671463385475,0.06029598396984718,6.5,2.4
senderista,ABC,19,1000,11.967514421272252,0.22384977990109395,0.05103466646371422,4.9,2.1999999999999997
senderista,ABC,2,1000,12.008935777509551,0.22523481557532968,0.05762758641503005,6.1,2.8000000000000003
senderista,ABC,20,1000,12.054499269370599,0.17285788259514315,0.037021083734905015,4.1000000000000005,2.0
senderista,ABC,21,1000,12.104204896855375,0.12056007245417703,0.027597568213149154,2.3,1.0
senderista,ABC,22,1000,12.025504320004485,0.240135216082083,0.059187951077011434,5.800000000000001,2.1
senderista,ABC,23,1000,12.10006276123164,0.1894345591257373,0.05007952814276099,5.5,2.1999999999999997
senderista,ABC,24,1000,11.979940828143443,0.24124352541401559,0.06203372756836143,6.4,2.1999999999999997
senderista,ABC,25,1000,12.09592062560791,0.2273139174802857,0.03511063142616673,2.6,2.5
senderista,ABC,26,1000,11.917808793787474,0.20462315066543801,0.04936074185731908,5.4,1.9
senderista,ABC,27,1000,12.137341981845234,0.2233359080694412,0.05700662221347226,6.2,2.3
senderista,ABC,28,1000,11.967514421272247,0.2090184082177798,0.050821995279022036,4.8,1.9
senderista,ABC,29,1000,12.195331880577456,0.21217399083025162,0.05344348730494108,5.1,1.7999999999999998
senderista,ABC,3,1000,11.95508801440105,0.22081543742583826,0.050857307722656946,6.0,1.7999999999999998
senderista,ABC,30,967,11.72864140499433,0.19916092399652902,0.04019426473227305,4.2,1.7000000000000002
senderista,ABC,31,1000,12.108347032479108,0.3079256819924388,0.05983848468154828,5.7,2.5
senderista,ABC,32,370,4.458010819142775,0.1490403325477938,0.024840179078373464,2.9000000000000004,1.3
senderista,ABC,33,1000,12.158052659963868,0.17306455862934048,0.043679403130347516,4.1000000000000005,2.0
senderista,ABC,34,1000,12.02136218438075,0.21083492321165945,0.04991471630188128,5.7,1.5
senderista,ABC,35,1000,12.195331880577449,0.23624186326452268,0.06002096116155042,5.7,1.9
senderista,ABC,36,1000,12.112489168102835,0.22584817569268792,0.05097891003296382,5.1,1.7000000000000002
senderista,ABC,37,1000,12.004793641885822,0.22961574694109846,0.05998416596406627,6.5,2.5
senderista,ABC,38,1000,12.062783540618067,0.22770568250559145,0.054294453175436054,4.8,1.7999999999999998
senderista,ABC,39,444,5.396833329081845,0.1355887252775234,0.028768447999679016,3.3000000000000003,1.4000000000000001
senderista,ABC,4,1000,12.033788591251945,0.2516748045122496,0.06153912719346668,6.4,2.4
senderista,ABC,40,1000,12.037930726875679,0.13106360591304725,0.028180526904841005,2.8000000000000003,1.7000000000000002
senderista,ABC,41,1000,12.133199846221478,0.22181990262109744,0.05181515565728821,6.1,1.7999999999999998
senderista,ABC,42,1000,12.079352083112989,0.21258200015441883,0.05058416936484551,5.4,1.7999999999999998
senderista,ABC,43,1000,12.18704760932998,0.26197201036947665,0.0591559575047382,6.2,2.1
senderista,ABC,44,421,5.125411972844541,0.17086626162521457,0.026359729809019714,2.9000000000000004,1.7999999999999998
senderista,ABC,45,1000,12.120773439350296,0.20014618078465413,0.048563232640524895,5.3,2.0
senderista,ABC,46,1000,12.087636354360454,0.2279457508890027,0.053290313255427234,5.2,1.7000000000000002
senderista,ABC,47,1000,12.083494218736718,0.21720891026833278,0.049650928092900434,5.4,1.9
senderista,ABC,48,1000,12.187047609329985,0.18642476132443483,0.04530596408140237,4.1000000000000005,2.1
senderista,ABC,49,1000,12.033788591251943,0.1895713859503978,0.04752610655080338,5.3,1.7000000000000002
senderista,ABC,5,1000,12.137341981845216,0.21949910153820484,0.04686086573870115,5.0,2.1999999999999997
senderista,ABC,6,1000,12.008935777509555,0.2219596902383945,0.05754635296575982,5.800000000000001,2.1999999999999997
senderista,ABC,7,1000,12.261606050557157,0.23246623351352383,0.04402691442540229,4.3,2.1999999999999997
senderista,ABC,8,1000,12.10420489685538,0.24121712906290937,0.05289873289556353,6.1,2.1999999999999997
senderista,ABC,9,1000,11.988225099390906,0.23360484008683527,0.04771222129704368,4.0,2.4
senderista,BHA,0,1000,12.083494218736712,0.19564537632613554,0.04044831548621714,3.9,2.1
senderista,BHA,1,1000,12.182905473706265,0.23955082803413125,0.06154424036690084,6.6000000000000005,2.1
senderista,BHA,10,667,8.053473298326093,0.18487744377952076,0.04304486101720629,4.2,1.7000000000000002
senderista,BHA,11,1000,11.946803743153598,0.2117007582142585,0.04526511040841805,4.2,2.3
senderista,BHA,12,1000,12.100062761231639,0.22557578881485463,0.04805125470831785,5.1,2.0
senderista,BHA,13,1000,12.07106781186553,0.20477472299624289,0.05051430158108854,5.6000000000000005,1.9
senderista,BHA,14,31,0.37213203435596426,0.025983436125355266,0.0017033829544328405,0.0,0.5
senderista,BHA,15,1000,12.075209947489258,0.2469838393647627,0.0494530073481151,5.1,2.4
senderista,BHA,16,1000,11.917808793787467,0.23295511752612882,0.05922860750567704,6.1,2.0
senderista,BHA,17,1000,12.03378859125195,0.23208045339616676,0.0583204302760209,5.6000000000000005,1.7000000000000002
senderista,BHA,18,1000,12.033788591251945,0.21512720147166284,0.053407572906251796,5.5,2.4
senderista,BHA,19,1000,12.141484117468947,0.22784907642363894,0.054945412454862896,5.3,1.7999999999999998
senderista,BHA,2,1000,12.274032457428348,0.21631067214004493,0.05414403067087626,6.7,2.0
senderista,BHA,20,1000,12.04621499812313,0.23712037139480693,0.06039094926717623,6.4,2.9000000000000004
senderista,BHA,21,1000,12.116631303726564,0.21243109520701894,0.04681737784043897,5.0,2.4
senderista,BHA,22,1000,12.042072862499404,0.19310566190041292,0.048246933360663595,5.1,2.0
senderista,BHA,23,1000,12.021362184380754,0.21602544667444,0.054203879325234475,5.1,1.9
senderista,BHA,24,1000,12.033788591251948,0.22911994307981812,0.04987249952898633,5.0,2.1999999999999997
senderista,BHA,25,1000,12.166336931211346,0.19139707821110297,0.04654254024302957,5.0,1.6
senderista,BHA,26,1000,12.149768388716414,0.26009409703321335,0.05504830664234845,6.0,2.0
senderista,BHA,27,1000,11.984082963767166,0.2714052184994617,0.06457198253858003,5.5,2.7
senderista,BHA,28,1000,12.000651506262093,0.25369008474949517,0.054694363113534934,5.3,2.4
senderista,BHA,29,1000,12.104204896855375,0.2582912532103937,0.03624355466189945,3.4000000000000004,2.4
senderista,BHA,3,1000,12.079352083112992,0.19664491125219954,0.046139125450789575,4.8,2.5
senderista,BHA,30,569,6.866366517139565,0.16108161644852792,0.038661235379767435,4.5,1.3
senderista,BHA,31,1000,11.95508801440105,0.21232490559918832,0.04525235661189428,5.2,2.5
senderista,BHA,32,651,7.98045814642444,0.18478256732806733,0.030443983787542702,3.0,1.9
senderista,BHA,33,1000,11.996509370638359,0.24440840688522772,0.057658046918432085,6.2,2.4
senderista,BHA,34,1000,12.050357133746864,0.23524385754548413,0.05235003191502949,5.800000000000001,2.4
senderista,BHA,35,1000,12.050357133746864,0.27173678412717894,0.06401053691965486,6.7,2.7
senderista,BHA,36,1000,12.083494218736725,0.31109456536504726,0.05882751467295847,5.5,3.3000000000000003
senderista,BHA,37,1000,12.10006276123164,0.2163496903199284,0.047843930053022475,4.0,2.3
senderista,BHA,38,1000,12.071067811865522,0.253296088875292,0.06265537214315249,7.000000000000001,2.1999999999999997
senderista,BHA,39,683,8.209331162702364,0.15597511075642803,0.028039232870106113,2.9000000000000004,1.7000000000000002
senderista,BHA,4,1000,12.108347032479111,0.22342417899282138,0.04405688549966176,3.5000000000000004,2.4
senderista,BHA,40,1000,12.129057710597767,0.23211983751504006,0.0549041247690992,6.0,1.9
senderista,BHA,41,1000,12.008935777509556,0.2273858588572973,0.05275811651492128,5.7,1.7999999999999998
senderista,BHA,42,1000,12.087636354360445,0.1834703321318552,0.04615062060674616,5.6000000000000005,1.7000000000000002
senderista,BHA,43,1000,12.058641404994326,0.1668121893772941,0.03564622461503507,3.5000000000000004,1.7000000000000002
senderista,BHA,44,1000,12.037930726875679,0.21375139291576686,0.047951814613862415,6.0,2.0
senderista,BHA,45,1000,11.955088014401046,0.19852284984738452,0.04721154955497872,5.800000000000001,1.7999999999999998
senderista,BHA,46,1000,12.162194795587608,0.23829998221306078,0.04870953273347932,5.7,1.7999999999999998
senderista,BHA,47,1000,12.00893577750957,0.2618722987118842,0.06163909698887991,6.1,1.7999999999999998
senderista,BHA,48,1000,12.025504320004472,0.20002744759607954,0.0518534010125762,5.6000000000000005,2.1999999999999997
senderista,BHA,49,1000,12.14976838871642,0.22054175366842427,0.05118774877804204,6.1,1.7000000000000002
senderista,BHA,5,1000,12.029646455628209,0.2285903171177699,0.05593301786881058,6.1,1.7999999999999998
senderista,BHA,6,1000,12.029646455628216,0.2016193808647067,0.047013876502634264,4.7,1.6
senderista,BHA,7,1000,11.996509370638359,0.23353754747499905,0.06019907491178274,6.2,2.1999999999999997
senderista,BHA,8,1000,12.083494218736721,0.2103433606461105,0.05340409303365214,5.800000000000001,2.0
senderista,BHA,9,1000,12.133199846221489,0.2224323505318948,0.048079435717888544,6.0,2.0
senderista,lawnmower,0,1001,10.82916502004074,0.8481292067460404,0.013947506568505899,1.4000000000000001,2.1999999999999997
senderista,lawnmower,1,1001,10.82916502004074,0.8481292067460404,0.013947506568505899,1.4000000000000001,2.1999999999999997
senderista,lawnmower,10,1001,10.82916502004074,0.8481292067460404,0.013947506568505899,1.4000000000000001,2.1999999999999997
senderista,lawnmower,11,1001,10.82916502004074,0.8481292067460404,0.013947506568505899,1.4000000000000001,2.1999999999999997
senderista,lawnmower,12,1001,10.82916502004074,0.8481292067460404,0.013947506568505899,1.4000000000000001,2.1999999999999997
senderista,lawnmower,13,1001,10.82916502004074,0.8481292067460404,0.013947506568505899,1.4000000000000001,2.1999999999999997
senderista,lawnmower,14,1001,10.82916502004074,0.8481292067460404,0.013947506568505899,1.4000000000000001,2.1999999999999997
senderista,lawnmower,15,1001,10.82916502004074,0.8481292067460404,0.013947506568505899,1.4000000000000001,2.1999999999999997
senderista,lawnmower,16,86,1.2162236636408634,0.1294637375909197,0.009668190858602349,0.8999999999999999,1.0999999999999999
senderista,lawnmower,17,1001,10.82916502004074,0.8481292067460404,0.013947506568505899,1.4000000000000001,2.1999999999999997
senderista,lawnmower,18,1001,10.82916502004074,0.8481292067460404,0.013947506568505899,1.4000000000000001,2.1999999999999997
senderista,lawnmower,19,1001,10.82916502004074,0.8481292067460404,0.013947506568505899,1.4000000000000001,2.1999999999999997
senderista,lawnmower,2,1001,10.82916502004074,0.8481292067460404,0.013947506568505899,1.4000000000000001,2.1999999999999997
senderista,lawnmower,20,1001,10.82916502004074,0.8481292067460404,0.013947506568505899,1.4000000000000001,2.1999999999999997
senderista,lawnmower,21,1001,10.82916502004074,0.8481292067460404,0.013947506568505899,1.4000000000000001,2.1999999999999997
senderista,lawnmower,22,1001,10.82916502004074,0.8481292067460404,0.013947506568505899,1.4000000000000001,2.1999999999999997
senderista,lawnmower,23,1001,10.82916502004074,0.8481292067460404,0.013947506568505899,1.4000000000000001,2.1999999999999997
senderista,lawnmower,24,1001,10.82916502004074,0.8481292067460404,0.013947506568505899,1.4000000000000001,2.1999999999999997
senderista,lawnmower,25,1001,10.82916502004074,0.8481292067460404,0.013947506568505899,1.4000000000000001,2.1999999999999997
senderista,lawnmower,26,1001,10.82916502004074,0.8481292067460404,0.013947506568505899,1.4000000000000001,2.1999999999999997
senderista,lawnmower,27,1001,10.82916502004074,0.8481292067460404,0.013947506568505899,1.4000000000000001,2.1999999999999997
senderista,lawnmower,28,1001,10.82916502004074,0.8481292067460404,0.013947506568505899,1.4000000000000001,2.1999999999999997
senderista,lawnmower,29,1001,10.82916502004074,0.8481292067460404,0.013947506568505899,1.4000000000000001,2.1999999999999997
senderista,lawnmower,3,1001,10.82916502004074,0.8481292067460404,0.013947506568505899,1.4000000000000001,2.1999999999999997
senderista,lawnmower,30,1001,10.82916502004074,0.8481292067460404,0.013947506568505899,1.4000000000000001,2.1999999999999997
senderista,lawnmower,31,1001,10.82916502004074,0.8481292067460404,0.013947506568505899,1.4000000000000001,2.1999999999999997
senderista,lawnmower,32,1001,10.82916502004074,0.8481292067460404,0.013947506568505899,1.4000000000000001,2.1999999999999997
senderista,lawnmower,33,1001,10.82916502004074,0.8481292067460404,0.013947506568505899,1.4000000000000001,2.1999999999999997
senderista,lawnmower,34,1001,10.82916502004074,0.8481292067460404,0.013947506568505899,1.4000000000000001,2.1999999999999997
senderista,lawnmower,35,1001,10.82916502004074,0.8481292067460404,0.013947506568505899,1.4000000000000001,2.1999999999999997
senderista,lawnmower,36,1001,10.82916502004074,0.8481292067460404,0.013947506568505899,1.4000000000000001,2.1999999999999997
senderista,lawnmower,37,1001,10.82916502004074,0.8481292067460404,0.013947506568505899,1.4000000000000001,2.1999999999999997
senderista,lawnmower,38,1001,10.82916502004074,0.8481292067460404,0.013947506568505899,1.4000000000000001,2.1999999999999997
senderista,lawnmower,39,1001,10.82916502004074,0.8481292067460404,0.013947506568505899,1.4000000000000001,2.1999999999999997
senderista,lawnmower,4,1001,10.82916502004074,0.8481292067460404,0.013947506568505899,1.4000000000000001,2.1999999999999997
senderista,lawnmower,40,1001,10.82916502004074,0.8481292067460404,0.013947506568505899,1.4000000000000001,2.1999999999999997
senderista,lawnmower,41,1001,10.82916502004074,0.8481292067460404,0.013947506568505899,1.4000000000000001,2.1999999999999997
senderista,lawnmower,42,1001,10.82916502004074,0.8481292067460404,0.013947506568505899,1.4000000000000001,2.1999999999999997
senderista,lawnmower,43,1001,10.82916502004074,0.8481292067460404,0.013947506568505899,1.4000000000000001,2.1999999999999997
senderista,lawnmower,44,1001,10.82916502004074,0.8481292067460404,0.013947506568505899,1.4000000000000001,2.1999999999999997
senderista,lawnmower,45,1001,10.82916502004074,0.8481292067460404,0.013947506568505899,1.4000000000000001,2.1999999999999997
senderista,lawnmower,46,1001,10.82916502004074,0.8481292067460404,0.013947506568505899,1.4000000000000001,2.1999999999999997
senderista,lawnmower,47,1001,10.82916502004074,0.8481292067460404,0.013947506568505899,1.4000000000000001,2.1999999999999997
senderista,lawnmower,48,164,2.3193102422918863,0.23977239545643725,0.013627536767522474,1.4000000000000001,2.1
senderista,lawnmower,49,1001,10.82916502004074,0.8481292067460404,0.013947506568505899,1.4000000000000001,2.1999999999999997
senderista,lawnmower,5,1001,10.82916502004074,0.8481292067460404,0.013947506568505899,1.4000000000000001,2.1999999999999997
senderista,lawnmower,6,1001,10.82916502004074,0.8481292067460404,0.013947506568505899,1.4000000000000001,2.1999999999999997
senderista,lawnmower,7,1001,10.82916502004074,0.8481292067460404,0.013947506568505899,1.4000000000000001,2.1999999999999997
senderista,lawnmower,8,1001,10.82916502004074,0.8481292067460404,0.013947506568505899,1.4000000000000001,2.1999999999999997
senderista,lawnmower,9,1001,10.82916502004074,0.8481292067460404,0.013947506568505899,1.4000000000000001,2.1999999999999997
senderista,expanding_sq,0,650,6.528994949366117,0.20596345384366752,0.042076447671798405,4.3999999999999995,2.1
senderista,expanding_sq,1,1001,10.038994949366117,0.28656345384367055,0.05757927400288424,5.6000000000000005,2.6
senderista,expanding_sq,10,1001,10.038994949366117,0.28656345384367055,0.05757927400288424,5.6000000000000005,2.6
senderista,expanding_sq,11,1001,10.038994949366117,0.28656345384367055,0.05757927400288424,5.6000000000000005,2.6
senderista,expanding_sq,12,1001,10.038994949366117,0.28656345384367055,0.05757927400288424,5.6000000000000005,2.6
senderista,expanding_sq,13,1001,10.038994949366117,0.28656345384367055,0.05757927400288424,5.6000000000000005,2.6
senderista,expanding_sq,14,11,0.13899494936611664,0.021685503660383486,0.001272151803626934,0.0,0.3
senderista,expanding_sq,15,1001,10.038994949366117,0.28656345384367055,0.05757927400288424,5.6000000000000005,2.6
senderista,expanding_sq,16,1001,10.038994949366117,0.28656345384367055,0.05757927400288424,5.6000000000000005,2.6
senderista,expanding_sq,17,1001,10.038994949366117,0.28656345384367055,0.05757927400288424,5.6000000000000005,2.6
senderista,expanding_sq,18,1001,10.038994949366117,0.28656345384367055,0.05757927400288424,5.6000000000000005,2.6
senderista,expanding_sq,19,1001,10.038994949366117,0.28656345384367055,0.05757927400288424,5.6000000000000005,2.6
senderista,expanding_sq,2,1001,10.038994949366117,0.28656345384367055,0.05757927400288424,5.6000000000000005,2.6
senderista,expanding_sq,20,1001,10.038994949366117,0.28656345384367055,0.05757927400288424,5.6000000000000005,2.6
senderista,expanding_sq,21,1001,10.038994949366117,0.28656345384367055,0.05757927400288424,5.6000000000000005,2.6
senderista,expanding_sq,22,1001,10.038994949366117,0.28656345384367055,0.05757927400288424,5.6000000000000005,2.6
senderista,expanding_sq,23,1001,10.038994949366117,0.28656345384367055,0.05757927400288424,5.6000000000000005,2.6
senderista,expanding_sq,24,1001,10.038994949366117,0.28656345384367055,0.05757927400288424,5.6000000000000005,2.6
senderista,expanding_sq,25,1001,10.038994949366117,0.28656345384367055,0.05757927400288424,5.6000000000000005,2.6
senderista,expanding_sq,26,1001,10.038994949366117,0.28656345384367055,0.05757927400288424,5.6000000000000005,2.6
senderista,expanding_sq,27,1001,10.038994949366117,0.28656345384367055,0.05757927400288424,5.6000000000000005,2.6
senderista,expanding_sq,28,1001,10.038994949366117,0.28656345384367055,0.05757927400288424,5.6000000000000005,2.6
senderista,expanding_sq,29,1001,10.038994949366117,0.28656345384367055,0.05757927400288424,5.6000000000000005,2.6
senderista,expanding_sq,3,1001,10.038994949366117,0.28656345384367055,0.05757927400288424,5.6000000000000005,2.6
senderista,expanding_sq,30,1001,10.038994949366117,0.28656345384367055,0.05757927400288424,5.6000000000000005,2.6
senderista,expanding_sq,31,1001,10.038994949366117,0.28656345384367055,0.05757927400288424,5.6000000000000005,2.6
senderista,expanding_sq,32,1001,10.038994949366117,0.28656345384367055,0.05757927400288424,5.6000000000000005,2.6
senderista,expanding_sq,33,1001,10.038994949366117,0.28656345384367055,0.05757927400288424,5.6000000000000005,2.6
senderista,expanding_sq,34,1001,10.038994949366117,0.28656345384367055,0.05757927400288424,5.6000000000000005,2.6
senderista,expanding_sq,35,1001,10.038994949366117,0.28656345384367055,0.05757927400288424,5.6000000000000005,2.6
senderista,expanding_sq,36,1001,10.038994949366117,0.28656345384367055,0.05757927400288424,5.6000000000000005,2.6
senderista,expanding_sq,37,1001,10.038994949366117,0.28656345384367055,0.05757927400288424,5.6000000000000005,2.6
senderista,expanding_sq,38,1001,10.038994949366117,0.28656345384367055,0.05757927400288424,5.6000000000000005,2.6
senderista,expanding_sq,39,1001,10.038994949366117,0.28656345384367055,0.05757927400288424,5.6000000000000005,2.6
senderista,expanding_sq,4,1001,10.038994949366117,0.28656345384367055,0.05757927400288424,5.6000000000000005,2.6
senderista,expanding_sq,40,1001,10.038994949366117,0.28656345384367055,0.05757927400288424,5.6000000000000005,2.6
senderista,expanding_sq,41,1001,10.038994949366117,0.28656345384367055,0.05757927400288424,5.6000000000000005,2.6
senderista,expanding_sq,42,1001,10.038994949366117,0.28656345384367055,0.05757927400288424,5.6000000000000005,2.6
senderista,expanding_sq,43,1001,10.038994949366117,0.28656345384367055,0.05757927400288424,5.6000000000000005,2.6
senderista,expanding_sq,44,1001,10.038994949366117,0.28656345384367055,0.05757927400288424,5.6000000000000005,2.6
senderista,expanding_sq,45,1001,10.038994949366117,0.28656345384367055,0.05757927400288424,5.6000000000000005,2.6
senderista,expanding_sq,46,1001,10.038994949366117,0.28656345384367055,0.05757927400288424,5.6000000000000005,2.6
senderista,expanding_sq,47,1001,10.038994949366117,0.28656345384367055,0.05757927400288424,5.6000000000000005,2.6
senderista,expanding_sq,48,1001,10.038994949366117,0.28656345384367055,0.05757927400288424,5.6000000000000005,2.6
senderista,expanding_sq,49,1001,10.038994949366117,0.28656345384367055,0.05757927400288424,5.6000000000000005,2.6
senderista,expanding_sq,5,1001,10.038994949366117,0.28656345384367055,0.05757927400288424,5.6000000000000005,2.6
senderista,expanding_sq,6,1001,10.038994949366117,0.28656345384367055,0.05757927400288424,5.6000000000000005,2.6
senderista,expanding_sq,7,1001,10.038994949366117,0.28656345384367055,0.05757927400288424,5.6000000000000005,2.6
senderista,expanding_sq,8,1001,10.038994949366117,0.28656345384367055,0.05757927400288424,5.6000000000000005,2.6
senderista,expanding_sq,9,1001,10.038994949366117,0.28656345384367055,0.05757927400288424,5.6000000000000005,2.6
